Vintage,Climate.zone,Hour.number,Outdoor.Temp.F.,Outdoor.Humid.,Occ.Fraction.,Demand.Power.Diff.sf.,Indoor.Temp.Diff.F.,Indoor.Humid.Diff.,Lighting.Power.Diff.pct.,MELs.Diff.pct.,Cooling.Setpoint.Diff.,Cooling.Setpoint.Diff.One.Step.,Since.DR.Started.,Since.DR.Ended.,Pre.cooling.Temp.Decrease.,Pre.cooling.Duration.,Since.Pre.cooling.Started.,Since.Pre.cooling.Ended.
2004,2A,9,84.35,62.33333333,0.5,0.451493342,-0.986661276,0.079971997,0,0,-1,-1,0,0,1,4,1,0
2004,2A,10,87.155,54.91666667,0.625,0.343908287,-0.999467844,-0.276360498,0,0,-1,0,0,0,1,4,2,0
2004,2A,11,89.135,47.91666667,0.625,0.331307215,-0.999102559,0.094563441,0,0,-1,0,0,0,1,4,3,0
2004,2A,12,89.96,47.33333333,0.5,0.322769629,-0.999109794,0.450186239,0,0,-1,0,0,0,1,4,4,0
2004,2A,7,78.335,71.91666667,0.375,0.657100669,-1.980177604,-0.743958495,0,0,-2,-2,0,0,2,6,1,0
2004,2A,8,82.37,62,0.5,0.455358482,-2.000237995,-1.892535846,0,0,-2,0,0,0,2,6,2,0
2004,2A,9,83.39,59.33333333,0.5,0.426920778,-2.00000943,-1.345644671,0,0,-2,0,0,0,2,6,3,0
2004,2A,10,85.355,53.41666667,0.625,0.41912502,-2.000337632,-0.941427729,0,0,-2,0,0,0,2,6,4,0
2004,2A,11,87.605,45.08333333,0.625,0.413477521,-1.999623805,-0.519768308,0,0,-2,0,0,0,2,6,5,0
2004,2A,12,87.98,47.08333333,0.5,0.405177188,-1.999518961,-0.134220017,0,0,-2,0,0,0,2,6,6,0
2004,2A,6,78.335,75.58333333,0.125,0.347381716,-1.000680335,0.9985428,0,0,-1,0,0,0,1,8,2,0
2004,2A,7,81.215,66.33333333,0.375,0.32409641,-0.99976543,-0.106568341,0,0,-1,0,0,0,1,8,3,0
2004,2A,8,82.565,60.66666667,0.5,0.300990136,-0.999919906,-0.068953832,0,0,-1,0,0,0,1,8,4,0
2004,2A,9,85.355,51.41666667,0.5,0.298462542,-0.999259275,0.28860079,0,0,-1,0,0,0,1,8,5,0
2004,2A,10,87.605,44.25,0.625,0.297619802,-0.999405537,0.53075311,0,0,-1,0,0,0,1,8,6,0
2004,2A,11,89.135,41.83333333,0.625,0.296032061,-1.000015698,0.740571342,0,0,-1,0,0,0,1,8,7,0
2004,2A,12,90.59,41.58333333,0.5,0.294965765,-1.000498409,0.953093202,0,0,-1,0,0,0,1,8,8,0
2004,2A,9,86.18,54.33333333,0.5,0.894763284,-2.86854276,-1.640593749,0,0,-3,-3,0,0,3,4,1,0
2004,2A,10,87.605,50.41666667,0.625,0.60632238,-3.000092161,-3.110319661,0,0,-3,0,0,0,3,4,2,0
2004,2A,11,89.135,47.08333333,0.625,0.571068275,-2.999362474,-2.495607195,0,0,-3,0,0,0,3,4,3,0
2004,2A,12,89.435,43.25,0.5,0.551006676,-2.999730021,-1.827442435,0,0,-3,0,0,0,3,4,4,0
2004,2A,8,82.745,66.75,0.5,0.666404835,-1.955149599,-1.280437938,0,0,-2,-2,0,0,2,5,1,0
2004,2A,9,85.175,58.33333333,0.5,0.46491004,-2.000182948,-1.983769031,0,0,-2,0,0,0,2,5,2,0
2004,2A,10,86.63,55,0.625,0.442122115,-1.999327241,-1.424394918,0,0,-2,0,0,0,2,5,3,0
2004,2A,11,88.235,50.91666667,0.625,0.432740293,-1.998515948,-0.938969346,0,0,-2,0,0,0,2,5,4,0
2004,2A,12,90.215,46.25,0.5,0.426459655,-1.998732911,-0.467670255,0,0,-2,0,0,0,2,5,5,0
2004,2A,6,75.545,76,0.125,0.418185665,-2.001383635,3.540870448,0,0,-2,0,0,0,2,8,2,0
2004,2A,7,78.335,70.75,0.375,0.472066255,-2.002406811,0.731378096,0,0,-2,0,0,0,2,8,3,0
2004,2A,8,81.215,65.83333333,0.5,0.434311457,-2.00062659,-1.021908029,0,0,-2,0,0,0,2,8,4,0
2004,2A,9,83.195,59.16666667,0.5,0.41159269,-2.000187318,-0.954954044,0,0,-2,0,0,0,2,8,5,0
2004,2A,10,85.175,50.91666667,0.625,0.404666576,-1.999983934,-0.686738438,0,0,-2,0,0,0,2,8,6,0
2004,2A,11,86.63,44.5,0.625,0.399090353,-2.00039204,-0.363282369,0,0,-2,0,0,0,2,8,7,0
2004,2A,12,88.235,41.41666667,0.5,0.393729522,-2.000807205,0.049433496,0,0,-2,0,0,0,2,8,8,0
2004,2A,9,84.095,64.66666667,0.5,1.104398641,-3.675436743,-3.085378021,0,0,-4,-4,0,0,4,4,1,0
2004,2A,10,86.18,60.66666667,0.625,0.738262169,-3.99944985,-5.360684712,0,0,-4,0,0,0,4,4,2,0
2004,2A,11,87.605,52.58333333,0.625,0.685933233,-3.999280468,-4.321391575,0,0,-4,0,0,0,4,4,3,0
2004,2A,12,88.61,46.25,0.5,0.660465336,-3.998984213,-3.219514892,0,0,-4,0,0,0,4,4,4,0
2004,2A,6,80.765,74.91666667,0.125,0.443172423,-0.98586481,-0.035276204,0,0,-1,-1,0,0,1,7,1,0
2004,2A,7,83.195,70.83333333,0.375,0.342450493,-1.000427867,-0.834718524,0,0,-1,0,0,0,1,7,2,0
2004,2A,8,86.33,65.91666667,0.5,0.317154359,-0.999354412,-0.423769777,0,0,-1,0,0,0,1,7,3,0
2004,2A,9,87.455,59.5,0.5,0.314463388,-0.999372402,0.093303889,0,0,-1,0,0,0,1,7,4,0
2004,2A,10,88.76,50,0.625,0.310974329,-0.99912864,0.396840905,0,0,-1,0,0,0,1,7,5,0
2004,2A,11,91.115,45.58333333,0.625,0.308217085,-0.999058388,0.696059076,0,0,-1,0,0,0,1,7,6,0
2004,2A,12,90.785,46.58333333,0.5,0.304130381,-0.999135472,0.967658,0,0,-1,0,0,0,1,7,7,0
2004,2A,8,84.095,64.66666667,0.5,0.885692347,-2.865865106,-2.394852164,0,0,-3,-3,0,0,3,5,1,0
2004,2A,9,85.55,59.5,0.5,0.597073351,-3.000718524,-3.626536264,0,0,-3,0,0,0,3,5,2,0
2004,2A,10,87.785,54.08333333,0.625,0.564610905,-3.00035295,-2.882717588,0,0,-3,0,0,0,3,5,3,0
2004,2A,11,89.06,52,0.625,0.549748511,-3.000078228,-2.215781762,0,0,-3,0,0,0,3,5,4,0
2004,2A,12,90.215,49.08333333,0.5,0.537210768,-3.000436013,-1.614703331,0,0,-3,0,0,0,3,5,5,0
2004,2A,8,82.745,77.33333333,0.5,0.670097343,-1.942262319,-1.603937862,0,0,-2,-2,0,0,2,5,1,0
2004,2A,9,85.805,70.5,0.5,0.46961969,-2.000637611,-2.246475617,0,0,-2,0,0,0,2,5,2,0
2004,2A,10,88.235,62.75,0.625,0.451884576,-2.000454482,-1.622200861,0,0,-2,0,0,0,2,5,3,0
2004,2A,11,90.215,57.83333333,0.625,0.443747446,-2.000755928,-1.089447334,0,0,-2,0,0,0,2,5,4,0
2004,2A,12,88.73,61.66666667,0.5,0.429321679,-2.000275025,-0.646361733,0,0,-2,0,0,0,2,5,5,0
2004,2A,10,88.235,58.08333333,0.625,0.909947864,-2.801095591,-1.744822306,0,0,-3,-3,0,0,3,3,1,0
2004,2A,11,89.585,53.66666667,0.625,0.619549266,-3.00031738,-3.261971354,0,0,-3,0,0,0,3,3,2,0
2004,2A,12,90.59,50.83333333,0.5,0.580103415,-2.999620812,-2.465753959,0,0,-3,0,0,0,3,3,3,0
2004,2A,10,87.155,51.75,0,0,-0.125933108,1.49976434,0,0,-1,-1,0,0,1,3,1,0
2004,2A,11,87.98,49.16666667,0,2.57E-09,-0.120393793,1.415787136,0,0,-1,0,0,0,1,3,2,0
2004,2A,12,89.135,48.25,0,0.000110095,-0.114866431,1.334982118,0,0,-1,0,0,0,1,3,3,0
2004,2A,6,75.545,88.83333333,0.125,0.640549116,-3.000767685,-3.469611383,0,0,-3,0,0,0,3,8,2,0
2004,2A,7,78.335,82.75,0.375,0.584443232,-3.001193993,-4.183912968,0,0,-3,0,0,0,3,8,3,0
2004,2A,8,81.215,76.08333333,0.5,0.531058729,-3.00012282,-3.587003741,0,0,-3,0,0,0,3,8,4,0
2004,2A,9,81.41,72.83333333,0.5,0.520491248,-2.999942589,-2.773664382,0,0,-3,0,0,0,3,8,5,0
2004,2A,10,81.59,72,0.625,0.509297182,-3.00014808,-2.320807627,0,0,-3,0,0,0,3,8,6,0
2004,2A,11,81.41,69.08333333,0.625,0.496923685,-3.000116935,-1.902677039,0,0,-3,0,0,0,3,8,7,0
2004,2A,12,80.435,65.25,0.5,0.48134143,-2.999703845,-1.44329867,0,0,-3,0,0,0,3,8,8,0
2004,2A,8,80.585,67,0.5,0.629339295,-1.975889251,-0.815671187,0,0,-2,-2,0,0,2,5,1,0
2004,2A,9,82.115,60,0.5,0.451444419,-1.999867252,-1.600836802,0,0,-2,0,0,0,2,5,2,0
2004,2A,10,84.725,52.66666667,0.625,0.43250271,-1.999857488,-1.335585669,0,0,-2,0,0,0,2,5,3,0
2004,2A,11,87.155,46.33333333,0.625,0.42370131,-2.000275247,-0.968869025,0,0,-2,0,0,0,2,5,4,0
2004,2A,12,86.195,44.75,0.5,0.40878137,-2.000342779,-0.482823599,0,0,-2,0,0,0,2,5,5,0
2004,2A,6,75.725,73.08333333,0.125,0.292510381,-0.999988194,2.181968085,0,0,-1,0,0,0,1,8,2,0
2004,2A,7,79.31,65.75,0.375,0.328545714,-1.001708473,1.612384462,0,0,-1,0,0,0,1,8,3,0
2004,2A,8,83.27,57.91666667,0.5,0.341016368,-1.000185342,0.21421682,0,0,-1,0,0,0,1,8,4,0
2004,2A,9,85.55,53.83333333,0.5,0.318249615,-0.999822756,0.082377621,0,0,-1,0,0,0,1,8,5,0
2004,2A,10,86.63,51.25,0.625,0.311526796,-1.000455597,0.25924443,0,0,-1,0,0,0,1,8,6,0
2004,2A,11,88.76,50,0.625,0.308142793,-0.999965889,0.492332391,0,0,-1,0,0,0,1,8,7,0
2004,2A,12,88.805,48.83333333,0.5,0.305352402,-0.99957364,0.707931141,0,0,-1,0,0,0,1,8,8,0
2004,2A,8,85.55,58.91666667,0.5,0.897919681,-2.79206901,-2.2374187,0,0,-3,-3,0,0,3,5,1,0
2004,2A,9,87.155,46.33333333,0.5,0.608757325,-3.000226752,-3.353530748,0,0,-3,0,0,0,3,5,2,0
2004,2A,10,89.765,37.75,0.625,0.574502683,-2.999534678,-2.38524045,0,0,-3,0,0,0,3,5,3,0
2004,2A,11,91.04,35.16666667,0.625,0.558465925,-2.999870909,-1.579325339,0,0,-3,0,0,0,3,5,4,0
2004,2A,12,92.195,34.25,0.5,0.544791457,-3.000282793,-0.919617977,0,0,-3,0,0,0,3,5,5,0
2004,2A,12,93.725,41.66666667,0.5,0.682877172,-1.941476387,0.251539224,0,0,-2,-2,0,0,2,1,1,0
2004,2A,6,82.115,79.08333333,0.125,0.493547063,-2.000452827,-2.148585461,0,0,-2,0,0,0,2,8,2,0
2004,2A,7,84.095,74.08333333,0.375,0.456242417,-2.000545818,-2.26125181,0,0,-2,0,0,0,2,8,3,0
2004,2A,8,86.18,66.75,0.5,0.425797819,-2.000010319,-1.654296109,0,0,-2,0,0,0,2,8,4,0
2004,2A,9,88.235,59.5,0.5,0.423957018,-2.000458592,-0.968712303,0,0,-2,0,0,0,2,8,5,0
2004,2A,10,89.06,56.41666667,0.625,0.418434034,-2.000363095,-0.554994797,0,0,-2,0,0,0,2,8,6,0
2004,2A,11,86.645,63,0.625,0.403941259,-2.000389523,-0.220343376,0,0,-2,0,0,0,2,8,7,0
2004,2A,12,86.18,62.75,0.5,0.395363943,-2.000168949,0.085029878,0,0,-2,0,0,0,2,8,8,0
2004,2A,9,87.155,60.33333333,0.5,0.459755374,-0.985912918,0.180255038,0,0,-1,-1,0,0,1,4,1,0
2004,2A,10,88.61,55.25,0.625,0.347204896,-0.999234655,-0.144561972,0,0,-1,0,0,0,1,4,2,0
2004,2A,11,90.215,52.83333333,0.625,0.333747385,-0.9991575,0.252105672,0,0,-1,0,0,0,1,4,3,0
2004,2A,12,91.565,51.41666667,0.5,0.32906143,-1.000449298,0.61582313,0,0,-1,0,0,0,1,4,4,0
2004,2A,8,86.33,70.5,0.5,0.686863544,-1.934536207,-1.584881851,0,0,-2,-2,0,0,2,5,1,0
2004,2A,9,87.98,65.08333333,0.5,0.485694666,-2.000541803,-2.131685573,0,0,-2,0,0,0,2,5,2,0
2004,2A,10,88.61,60.66666667,0.625,0.459090691,-2.000342995,-1.484626322,0,0,-2,0,0,0,2,5,3,0
2004,2A,11,89.585,58.41666667,0.625,0.446400434,-1.999690319,-0.931198563,0,0,-2,0,0,0,2,5,4,0
2004,2A,12,89.96,56.83333333,0.5,0.4356139,-1.998546578,-0.46351597,0,0,-2,0,0,0,2,5,5,0
2004,2A,6,78.605,85.83333333,0.125,0.718249899,-1.97410517,-2.220977292,0,0,-2,-2,0,0,2,7,1,0
2004,2A,7,80.135,83.25,0.375,0.499550554,-2.000557685,-3.271963882,0,0,-2,0,0,0,2,7,2,0
2004,2A,8,82.745,75,0.5,0.44752227,-2.000219081,-2.481758498,0,0,-2,0,0,0,2,7,3,0
2004,2A,9,85.805,62.41666667,0.5,0.444243414,-1.999106162,-1.643988683,0,0,-2,0,0,0,2,7,4,0
2004,2A,10,87.605,55.83333333,0.625,0.438492504,-1.998825414,-1.140231005,0,0,-2,0,0,0,2,7,5,0
2004,2A,11,88.61,55.58333333,0.625,0.431303467,-1.999551578,-0.751432176,0,0,-2,0,0,0,2,7,6,0
2004,2A,12,89.06,54.83333333,0.5,0.423528278,-2.000834216,-0.41169019,0,0,-2,0,0,0,2,7,7,0
2004,2A,6,83.72,73.75,0.125,1.183632967,-3.730874085,-4.19764641,0,0,-4,-4,0,0,4,7,1,0
2004,2A,7,86.18,67.08333333,0.375,0.782812583,-4.001272317,-6.573033926,0,0,-4,0,0,0,4,7,2,0
2004,2A,8,87.605,61.5,0.5,0.689266381,-3.999846522,-5.425471887,0,0,-4,0,0,0,4,7,3,0
2004,2A,9,88.61,56.08333333,0.5,0.672962246,-3.999743129,-4.153639237,0,0,-4,0,0,0,4,7,4,0
2004,2A,10,90.215,55.16666667,0.625,0.660956637,-3.999862365,-3.406763689,0,0,-4,0,0,0,4,7,5,0
2004,2A,11,91.04,58.33333333,0.625,0.646572975,-3.999880164,-2.841596227,0,0,-4,0,0,0,4,7,6,0
2004,2A,12,92.195,57.66666667,0.5,0.63376592,-3.999481182,-2.268886635,0,0,-4,0,0,0,4,7,7,0
2004,2A,9,83.72,74.91666667,0,0,0.060397041,0.513896556,0,0,-3,-3,0,0,3,4,1,0
2004,2A,10,86.705,70.83333333,0,-2.64E-09,0.057513674,0.4940646,0,0,-3,0,0,0,3,4,2,0
2004,2A,11,86.825,71.16666667,0,0.001457497,0.05304328,0.474197174,0,0,-3,0,0,0,3,4,3,0
2004,2A,12,86.63,70.83333333,0,0.014799437,0.02742797,0.458645989,0,0,-3,0,0,0,3,4,4,0
2004,2A,8,85.805,70.5,0.5,1.070455145,-3.507561786,-3.018911377,0,0,-4,-4,0,0,4,5,1,0
2004,2A,9,88.235,65.08333333,0.5,0.742008037,-4.001634552,-5.340439708,0,0,-4,0,0,0,4,5,2,0
2004,2A,10,89.585,63.58333333,0.625,0.692141844,-4.000419309,-4.382245344,0,0,-4,0,0,0,4,5,3,0
2004,2A,11,89.96,64,0.625,0.666412239,-3.999374571,-3.589495163,0,0,-4,0,0,0,4,5,4,0
2004,2A,12,89.435,64.58333333,0.5,0.641665848,-3.999755955,-2.891082942,0,0,-4,0,0,0,4,5,5,0
2004,2A,7,77,90,0.375,0.715289526,-1.969249554,-2.419807351,0,0,-2,-2,0,0,2,6,1,0
2004,2A,8,75.845,90,0.5,0.457196383,-1.999759831,-3.085567757,0,0,-2,0,0,0,2,6,2,0
2004,2A,9,73.865,93.5,0.5,0.428813333,-1.998806722,-2.318529761,0,0,-2,0,0,0,2,6,3,0
2004,2A,10,73.565,93.08333333,0.625,0.415331607,-1.998954294,-1.828545135,0,0,-2,0,0,0,2,6,4,0
2004,2A,11,73.94,91,0.625,0.405870959,-1.998676678,-1.450585843,0,0,-2,0,0,0,2,6,5,0
2004,2A,12,73.94,91,0.5,0.397462444,-1.99932161,-1.12995498,0,0,-2,0,0,0,2,6,6,0
2004,2A,6,75.845,84.5,0.125,1.147313982,-3.781821239,-3.523464695,0,0,-4,-4,0,0,4,7,1,0
2004,2A,7,75.02,89,0.375,0.739754826,-4.001423064,-6.338087865,0,0,-4,0,0,0,4,7,2,0
2004,2A,8,76.175,91.66666667,0.5,0.638241778,-4.000100754,-5.92588223,0,0,-4,0,0,0,4,7,3,0
2004,2A,9,77.63,88.25,0.5,0.624762287,-4.000132838,-4.949494329,0,0,-4,0,0,0,4,7,4,0
2004,2A,10,80.39,84.08333333,0.625,0.616877706,-3.999777345,-4.314760183,0,0,-4,0,0,0,4,7,5,0
2004,2A,11,81.41,85.5,0.625,0.607000765,-3.999814397,-3.772957018,0,0,-4,0,0,0,4,7,6,0
2004,2A,12,79.28,90.91666667,0.5,0.587522628,-4.000168886,-3.327138679,0,0,-4,0,0,0,4,7,7,0
2004,2A,6,80.39,82.33333333,0.125,0.683091532,-1.975095038,-1.111018119,0,0,-2,-2,0,0,2,7,1,0
2004,2A,7,83.72,74.91666667,0.375,0.469229173,-2.000659203,-2.354976121,0,0,-2,0,0,0,2,7,2,0
2004,2A,8,86.705,64.41666667,0.5,0.42846699,-2.000187767,-1.742290835,0,0,-2,0,0,0,2,7,3,0
2004,2A,9,89.135,58.41666667,0.5,0.425948467,-1.999755931,-1.018085032,0,0,-2,0,0,0,2,7,4,0
2004,2A,10,90.59,55.66666667,0.625,0.423306177,-2.000568649,-0.593607201,0,0,-2,0,0,0,2,7,5,0
2004,2A,11,91.565,51.08333333,0.625,0.417627207,-2.000138857,-0.236213893,0,0,-2,0,0,0,2,7,6,0
2004,2A,12,92.57,47.83333333,0.5,0.412004647,-2.000612463,0.124099445,0,0,-2,0,0,0,2,7,7,0
2004,2A,6,83.72,77.91666667,0.125,0.51944291,-2.000623075,-2.715005493,0,0,-2,0,0,0,2,8,2,0
2004,2A,7,86.705,72.08333333,0.375,0.481417152,-2.000222284,-2.631848479,0,0,-2,0,0,0,2,8,3,0
2004,2A,8,87.98,68.83333333,0.5,0.447947939,-1.99880467,-1.924295577,0,0,-2,0,0,0,2,8,4,0
2004,2A,9,89.135,62.75,0.5,0.445083426,-2.000464353,-1.214673437,0,0,-2,0,0,0,2,8,5,0
2004,2A,10,91.745,51.41666667,0.625,0.441589222,-2.000364084,-0.761354607,0,0,-2,0,0,0,2,8,6,0
2004,2A,11,93.02,47.75,0.625,0.434030228,-2.000279051,-0.336495388,0,0,-2,0,0,0,2,8,7,0
2004,2A,12,93.545,48.41666667,0.5,0.426802168,-1.999330993,0.042125513,0,0,-2,0,0,0,2,8,8,0
2004,2A,12,87.77,59.25,0.5,0.442812913,-0.986315951,1.130440939,0,0,-1,-1,0,0,2,1,1,0
2004,2A,7,83.72,80.33333333,0.375,0.46860273,-0.986470176,-0.688836677,0,0,-1,-1,0,0,1,6,1,0
2004,2A,8,86.705,72.91666667,0.5,0.337851517,-0.999667083,-0.802900502,0,0,-1,0,0,0,1,6,2,0
2004,2A,9,89.135,65.33333333,0.5,0.335740169,-1.000784276,-0.179121437,0,0,-1,0,0,0,1,6,3,0
2004,2A,10,91.115,58.5,0.625,0.332730329,-1.000625145,0.212219123,0,0,-1,0,0,0,1,6,4,0
2004,2A,11,92.57,54.83333333,0.625,0.328529696,-0.999841795,0.544810535,0,0,-1,0,0,0,1,6,5,0
2004,2A,12,94.175,51.08333333,0.5,0.326158705,-0.999536516,0.834791958,0,0,-1,0,0,0,1,6,6,0
2004,2A,8,85.55,69.08333333,0.5,1.089473131,-3.515048221,-3.467577175,0,0,-4,-4,0,0,4,5,1,0
2004,2A,9,87.155,63.5,0.5,0.75399868,-4.000046674,-5.688669975,0,0,-4,0,0,0,4,5,2,0
2004,2A,10,85.67,62.16666667,0.625,0.690181934,-3.999395514,-4.700493906,0,0,-4,0,0,0,4,5,3,0
2004,2A,11,86.33,60.66666667,0.625,0.663233719,-3.99908934,-3.884717747,0,0,-4,0,0,0,4,5,4,0
2004,2A,12,88.61,59,0.5,0.654524161,-3.999310486,-3.158696024,0,0,-4,0,0,0,4,5,5,0
2004,2A,10,89.96,56.41666667,0.625,1.093956281,-3.490574809,-2.279532293,0,0,-4,-4,0,0,4,3,1,0
2004,2A,11,91.115,52.5,0.625,0.761740783,-4.001207016,-4.721061651,0,0,-4,0,0,0,4,3,2,0
2004,2A,12,92.465,51.16666667,0.5,0.707855246,-4.00095199,-3.701563191,0,0,-4,0,0,0,4,3,3,0
2004,2A,8,86.075,70.83333333,0.5,1.069307806,-3.523592109,-2.916351569,0,0,-4,-4,0,0,4,5,1,0
2004,2A,9,87.53,65.91666667,0.5,0.731248497,-4.001143012,-5.274515589,0,0,-4,0,0,0,4,5,2,0
2004,2A,10,89.135,58.91666667,0.625,0.684365912,-3.999708953,-4.301282334,0,0,-4,0,0,0,4,5,3,0
2004,2A,11,89.96,56,0.625,0.663584072,-3.999832555,-3.473699242,0,0,-4,0,0,0,4,5,4,0
2004,2A,12,89.33,57.16666667,0.5,0.641342384,-3.999182995,-2.817458013,0,0,-4,0,0,0,4,5,5,0
2004,2A,6,80.9,86.08333333,0.125,0.453625704,-0.985934809,-0.273377432,0,0,-1,-1,0,0,1,7,1,0
2004,2A,7,81.35,84,0.375,0.335184706,-0.999930802,-0.886487301,0,0,-1,0,0,0,1,7,2,0
2004,2A,8,83.75,78.75,0.5,0.312279834,-0.999897024,-0.362428518,0,0,-1,0,0,0,1,7,3,0
2004,2A,9,86,75,0.5,0.314129985,-1.00081321,0.173519569,0,0,-1,0,0,0,1,7,4,0
2004,2A,10,87.05,69.75,0.625,0.313475328,-1.000682486,0.430657171,0,0,-1,0,0,0,1,7,5,0
2004,2A,11,87.8,71.25,0.625,0.308732499,-0.999829807,0.665067688,0,0,-1,0,0,0,1,7,6,0
2004,2A,12,80.45,83.16666667,0.5,0.295104164,-0.999977299,0.822992477,0,0,-1,0,0,0,1,7,7,0
2004,2A,7,83.645,74.91666667,0.375,0.476720298,-0.985904336,-0.726931669,0,0,-1,-1,0,0,1,6,1,0
2004,2A,8,85.55,72,0.5,0.344070318,-1.000549094,-0.846168503,0,0,-1,0,0,0,1,6,2,0
2004,2A,9,87.68,66.16666667,0.5,0.335395723,-0.999308949,-0.235482926,0,0,-1,0,0,0,1,6,3,0
2004,2A,10,90.665,57.33333333,0.625,0.334317128,-0.999849208,0.154897362,0,0,-1,0,0,0,1,6,4,0
2004,2A,11,91.31,52.25,0.625,0.328080053,-0.99955889,0.466123317,0,0,-1,0,0,0,1,6,5,0
2004,2A,12,90.86,52.75,0.5,0.319122866,-1.000050673,0.754724964,0,0,-1,0,0,0,1,6,6,0
2004,2A,7,81.665,82.75,0.375,1.155122489,-3.702634786,-4.323479647,0,0,-4,-4,0,0,4,6,1,0
2004,2A,8,84.725,76.66666667,0.5,0.707827005,-4.001081149,-6.403941564,0,0,-4,0,0,0,4,6,2,0
2004,2A,9,86.525,68,0.5,0.677247926,-3.999601905,-5.027893307,0,0,-4,0,0,0,4,6,3,0
2004,2A,10,88.055,60.66666667,0.625,0.661207394,-3.999585369,-4.099860322,0,0,-4,0,0,0,4,6,4,0
2004,2A,11,89.51,57.25,0.625,0.647643401,-3.999658893,-3.359863794,0,0,-4,0,0,0,4,6,5,0
2004,2A,12,91.115,53.66666667,0.5,0.6363898,-3.999750679,-2.644536758,0,0,-4,0,0,0,4,6,6,0
2004,2A,8,86.3,65.91666667,0.5,0.672391965,-1.941496391,-1.098973295,0,0,-2,-2,0,0,2,5,1,0
2004,2A,9,88.85,58.91666667,0.5,0.473573999,-1.99978106,-1.810930054,0,0,-2,0,0,0,2,5,2,0
2004,2A,10,89.6,56,0.625,0.450638887,-1.998775414,-1.307136081,0,0,-2,0,0,0,2,5,3,0
2004,2A,11,90.65,51.91666667,0.625,0.440668902,-1.998771115,-0.897222837,0,0,-2,0,0,0,2,5,4,0
2004,2A,12,92.45,46.08333333,0.5,0.434687437,-1.999015272,-0.5024976,0,0,-2,0,0,0,2,5,5,0
2004,2A,7,81.485,76.08333333,0.375,1.172899598,-3.712924207,-4.426582691,0,0,-4,-4,0,0,4,6,1,0
2004,2A,8,83.645,69.91666667,0.5,0.727767654,-4.000167617,-6.422057874,0,0,-4,0,0,0,4,6,2,0
2004,2A,9,85.55,65.83333333,0.5,0.688625047,-3.999490916,-5.060223485,0,0,-4,0,0,0,4,6,3,0
2004,2A,10,86.525,62.66666667,0.625,0.667522491,-3.999375531,-4.218269443,0,0,-4,0,0,0,4,6,4,0
2004,2A,11,89.21,55.16666667,0.625,0.656009487,-3.99876406,-3.456424142,0,0,-4,0,0,0,4,6,5,0
2004,2A,12,91.49,51.58333333,0.5,0.648769102,-3.999851607,-2.694820162,0,0,-4,0,0,0,4,6,6,0
2004,2A,6,76.625,89.25,0.125,0.428442891,-0.986286717,0.13891795,0,0,-1,-1,0,0,1,7,1,0
2004,2A,7,79.055,82.75,0.375,0.327009794,-1.00042952,-0.601779231,0,0,-1,0,0,0,1,7,2,0
2004,2A,8,81.665,76.08333333,0.5,0.302117811,-0.999353129,-0.212899441,0,0,-1,0,0,0,1,7,3,0
2004,2A,9,84.725,68.75,0.5,0.30313813,-0.999375768,0.240981397,0,0,-1,0,0,0,1,7,4,0
2004,2A,10,86.525,61.5,0.625,0.303014648,-0.999205964,0.48443425,0,0,-1,0,0,0,1,7,5,0
2004,2A,11,83.96,69.5,0.625,0.29324061,-0.999285375,0.709579456,0,0,-1,0,0,0,1,7,6,0
2004,2A,12,82.49,74.08333333,0.5,0.288278596,-0.999373621,0.918017014,0,0,-1,0,0,0,1,7,7,0
2004,2A,10,88.85,52,0.625,0.902364896,-2.825421695,-1.311002242,0,0,-3,-3,0,0,4,3,1,0
2004,2A,11,92.75,47.33333333,0.625,0.626139331,-3.000180586,-2.850862442,0,0,-3,0,0,0,4,3,2,0
2004,2A,12,92.9,51,0.5,0.586890051,-2.999841281,-2.184677811,0,0,-3,0,0,0,4,3,3,0
2004,2A,6,76.25,91.33333333,0.125,0.652607026,-3.001515012,-4.084907774,0,0,-3,0,0,0,3,8,2,0
2004,2A,7,77.9,86.25,0.375,0.590692177,-3.000978095,-4.528665504,0,0,-3,0,0,0,3,8,3,0
2004,2A,8,79.685,83.25,0.5,0.532912532,-3.00003438,-3.851633792,0,0,-3,0,0,0,3,8,4,0
2004,2A,9,82.115,77.33333333,0.5,0.529034962,-3.000123402,-3.012530473,0,0,-3,0,0,0,3,8,5,0
2004,2A,10,84.095,68.75,0.625,0.52180889,-3.000135168,-2.443631648,0,0,-3,0,0,0,3,8,6,0
2004,2A,11,86.075,59.16666667,0.625,0.513876853,-2.999985304,-1.892480982,0,0,-3,0,0,0,3,8,7,0
2004,2A,12,86.9,57.33333333,0.5,0.504215799,-3.000031275,-1.337993258,0,0,-3,0,0,0,3,8,8,0
2004,2A,6,79.835,80.66666667,0.125,0.659238704,-3.0013738,-4.078347723,0,0,-3,0,0,0,3,8,2,0
2004,2A,7,83.015,71.66666667,0.375,0.605001255,-3.001234998,-4.239399105,0,0,-3,0,0,0,3,8,3,0
2004,2A,8,84.47,68.25,0.5,0.551717257,-3.000248208,-3.573074542,0,0,-3,0,0,0,3,8,4,0
2004,2A,9,86.705,61.16666667,0.5,0.54551945,-2.999971885,-2.724018359,0,0,-3,0,0,0,3,8,5,0
2004,2A,10,87.98,57,0.625,0.536460713,-2.999907689,-2.170056061,0,0,-3,0,0,0,3,8,6,0
2004,2A,11,89.135,55.25,0.625,0.526692455,-2.999952531,-1.699120778,0,0,-3,0,0,0,3,8,7,0
2004,2A,12,89.33,56.91666667,0.5,0.515396503,-3.000013792,-1.232083964,0,0,-3,0,0,0,3,8,8,0
2004,2A,8,83.015,73.75,0.5,0.681940692,-1.940983916,-1.747299016,0,0,-2,-2,0,0,2,5,1,0
2004,2A,9,85.625,65.91666667,0.5,0.480651383,-2.000168448,-2.342022166,0,0,-2,0,0,0,2,5,2,0
2004,2A,10,87.53,60.66666667,0.625,0.459764209,-2.000195117,-1.727785954,0,0,-2,0,0,0,2,5,3,0
2004,2A,11,88.505,56.08333333,0.625,0.447632967,-2.000395812,-1.226726131,0,0,-2,0,0,0,2,5,4,0
2004,2A,12,88.88,54,0.5,0.43573025,-1.999871844,-0.776687006,0,0,-2,0,0,0,2,5,5,0
2004,2A,6,79.685,86.25,0.125,0.644500032,-3.001290199,-4.310063836,0,0,-3,0,0,0,3,8,2,0
2004,2A,7,82.115,83.25,0.375,0.586604568,-3.000050352,-4.417287153,0,0,-3,0,0,0,3,8,3,0
2004,2A,8,84.095,80.83333333,0.5,0.53560209,-2.999156551,-3.620813674,0,0,-3,0,0,0,3,8,4,0
2004,2A,9,83.135,81.16666667,0.5,0.528688001,-3.000016237,-2.829725299,0,0,-3,0,0,0,3,8,5,0
2004,2A,10,80.705,85.5,0.625,0.507876804,-3.000102898,-2.408389887,0,0,-3,0,0,0,3,8,6,0
2004,2A,11,81.035,86.25,0.625,0.496447161,-2.999273909,-2.007786641,0,0,-3,0,0,0,3,8,7,0
2004,2A,12,84.275,80.33333333,0.5,0.497434829,-2.998428746,-1.578468275,0,0,-3,0,0,0,3,8,8,0
2004,2A,6,74.015,90.5,0.125,0.641882477,-3.001693565,-2.330341518,0,0,-3,0,0,0,3,8,2,0
2004,2A,7,75.47,84.5,0.375,0.583134376,-3.000357804,-3.799355181,0,0,-3,0,0,0,3,8,3,0
2004,2A,8,76.55,80.25,0.5,0.523185059,-3.000028621,-3.612582148,0,0,-3,0,0,0,3,8,4,0
2004,2A,9,77.525,76.08333333,0.5,0.509750404,-2.999738082,-2.878518922,0,0,-3,0,0,0,3,8,5,0
2004,2A,10,77.9,75.75,0.625,0.499369729,-3.000057119,-2.460618403,0,0,-3,0,0,0,3,8,6,0
2004,2A,11,79.055,74.08333333,0.625,0.489259348,-2.999416526,-2.068059112,0,0,-3,0,0,0,3,8,7,0
2004,2A,12,79.88,72,0.5,0.481568113,-2.999434156,-1.605269737,0,0,-3,0,0,0,3,8,8,0
2004,2A,6,72.485,89.5,0.125,0.340646712,-1.001314906,1.40080464,0,0,-1,0,0,0,1,8,2,0
2004,2A,7,72.86,85.83333333,0.375,0.32825164,-1.001130296,0.370714791,0,0,-1,0,0,0,1,8,3,0
2004,2A,8,74.645,81.5,0.5,0.313632432,-0.999976042,-0.181323687,0,0,-1,0,0,0,1,8,4,0
2004,2A,9,76.55,79,0.5,0.298103215,-0.999289797,-0.086527194,0,0,-1,0,0,0,1,8,5,0
2004,2A,10,78.155,76.08333333,0.625,0.295173426,-1.00065974,0.114017308,0,0,-1,0,0,0,1,8,6,0
2004,2A,11,80.66,69.91666667,0.625,0.293404719,-1.000727762,0.34495768,0,0,-1,0,0,0,1,8,7,0
2004,2A,12,80.705,69.91666667,0.5,0.289187123,-0.999945694,0.560531821,0,0,-1,0,0,0,1,8,8,0
2004,2A,8,78.68,68.75,0.5,0.85874485,-2.898878506,-2.263657884,0,0,-3,-3,0,0,3,5,1,0
2004,2A,9,80.51,63.25,0.5,0.580902603,-3.00015905,-3.520934409,0,0,-3,0,0,0,3,5,2,0
2004,2A,10,82.115,57.91666667,0.625,0.545913095,-2.999674561,-2.908145682,0,0,-3,0,0,0,3,5,3,0
2004,2A,11,83.465,52.66666667,0.625,0.528728743,-2.999905051,-2.270005666,0,0,-3,0,0,0,3,5,4,0
2004,2A,12,85.1,50.41666667,0.5,0.517565123,-2.999743274,-1.641633199,0,0,-3,0,0,0,3,5,5,0
2004,2A,7,76.1,89.91666667,0.375,1.139536368,-3.746396543,-4.334027191,0,0,-4,-4,0,0,4,6,1,0
2004,2A,8,77.525,85.83333333,0.5,0.685811602,-4.000003628,-6.401708446,0,0,-4,0,0,0,4,6,2,0
2004,2A,9,78.53,85,0.5,0.647082916,-3.999845134,-5.222541694,0,0,-4,0,0,0,4,6,3,0
2004,2A,10,78.98,85,0.625,0.632354593,-3.999407722,-4.51020856,0,0,-4,0,0,0,4,6,4,0
2004,2A,11,80.135,83.25,0.625,0.608975945,-3.999416374,-3.958330287,0,0,-4,0,0,0,4,6,5,0
2004,2A,12,80.96,80.25,0.5,0.60070658,-3.999885253,-3.417080196,0,0,-4,0,0,0,4,6,6,0
2004,2A,12,84.47,66.16666667,0.5,0.675982405,-1.954512684,-0.70430444,0,0,-2,-2,0,0,1,1,1,0
2004,3C,9,70.85,53,0.5,0.313717884,-0.959363338,1.272413675,0,0,-1,-1,0,0,1,4,1,0
2004,3C,10,71.6,53,0.625,0.237840355,-0.995508873,1.247957103,0,0,-1,0,0,0,1,4,2,0
2004,3C,11,72.65,51.25,0.625,0.247689856,-0.999556066,1.200565162,0,0,-1,0,0,0,1,4,3,0
2004,3C,12,73.4,50,0.5,0.256169587,-0.999589867,1.354395188,0,0,-1,0,0,0,1,4,4,0
2004,3C,10,70.925,54.25,0.625,0.354394238,-1.997058392,2.824076973,0,0,-2,0,0,0,2,6,4,0
2004,3C,11,70.55,54.75,0.625,0.359022048,-1.999407078,3.037344271,0,0,-2,0,0,0,2,6,5,0
2004,3C,10,70.85,54.25,0.625,0.471338291,-2.967241076,4.481166682,0,0,-3,0,0,0,3,5,3,0
2004,3C,11,71.6,55.33333333,0.625,0.48795278,-2.997127029,4.594648754,0,0,-3,0,0,0,3,5,4,0
2004,3C,12,71.6,54.66666667,0.5,0.478820902,-2.999645144,5.17550731,0,0,-3,0,0,0,3,5,5,0
2004,3C,8,70.85,51.25,0.5,0.559487947,-2.863068263,4.445485972,0,0,-3,-3,0,0,3,5,1,0
2004,3C,9,72.65,50,0.5,0.480759435,-2.981552737,4.277053126,0,0,-3,0,0,0,3,5,2,0
2004,3C,10,72.35,54.08333333,0.625,0.468773976,-2.999261455,3.882334824,0,0,-3,0,0,0,3,5,3,0
2004,3C,11,71.6,57,0.625,0.500764832,-3.000440519,4.029748117,0,0,-3,0,0,0,3,5,4,0
2004,3C,12,71.6,57,0.5,0.509355796,-3.000559205,4.53133248,0,0,-3,0,0,0,3,5,5,0
2004,3C,12,73.4,57,0.5,0.497940124,-1.968362452,1.477216833,0,0,-2,-2,0,0,2,1,1,0
2004,3C,8,70.1,63.33333333,0.5,0.373749595,-1.894473712,3.228935037,0,0,-2,0,0,0,2,8,4,0
2004,3C,9,71.6,60,0.5,0.381405333,-1.99549314,3.317322809,0,0,-2,0,0,0,2,8,5,0
2004,3C,10,71.6,60,0.625,0.391081608,-2.000962443,3.124279191,0,0,-2,0,0,0,2,8,6,0
2004,3C,11,71.6,60,0.625,0.405276169,-2.001211652,2.776210163,0,0,-2,0,0,0,2,8,7,0
2004,3C,12,71.6,60,0.5,0.411989967,-2.000628135,2.941320483,0,0,-2,0,0,0,2,8,8,0
2004,3C,9,70.85,53,0.5,0.361621849,-0.984310836,1.372264015,0,0,-1,-1,0,0,1,4,1,0
2004,3C,10,71.6,53,0.625,0.27510163,-0.999634655,1.270999733,0,0,-1,0,0,0,1,4,2,0
2004,3C,11,70.55,54.75,0.625,0.262694815,-0.999468614,1.264566618,0,0,-1,0,0,0,1,4,3,0
2004,3C,12,70.85,54.25,0.5,0.256798421,-0.999591085,1.33719628,0,0,-1,0,0,0,1,4,4,0
2004,3C,8,72.65,54.66666667,0.5,0.467243019,-1.980217302,3.107826065,0,0,-2,-2,0,0,2,5,1,0
2004,3C,9,72.35,55.33333333,0.5,0.407782411,-1.999208293,4.014663596,0,0,-2,0,0,0,2,5,2,0
2004,3C,10,72.65,54.66666667,0.625,0.395844506,-2.000569129,3.298932573,0,0,-2,0,0,0,2,5,3,0
2004,3C,11,74.45,51.25,0.625,0.365333333,-2.000274127,3.153998211,0,0,-2,0,0,0,2,5,4,0
2004,3C,12,74.15,51.75,0.5,0.345413868,-2.001936602,1.668760487,0,0,-2,0,0,0,2,5,5,0
2004,3C,7,70.1,63.33333333,0.375,0.367170148,-1.795436134,3.172765147,0,0,-2,0,0,0,2,7,2,0
2004,3C,8,73.7,58.25,0.5,0.385843457,-1.998596881,3.234041631,0,0,-2,0,0,0,2,7,3,0
2004,3C,9,75.2,59.33333333,0.5,0.368360869,-2.001205935,2.481139281,0,0,-2,0,0,0,2,7,4,0
2004,3C,10,74.15,63.33333333,0.625,0.362244215,-2.000313757,1.047075007,0,0,-2,0,0,0,2,7,5,0
2004,3C,11,73.4,65,0.625,0.355389733,-1.999915996,0.371950814,0,0,-2,0,0,0,2,7,6,0
2004,3C,12,72.35,64.41666667,0.5,0.344859528,-1.99950323,0.510771446,0,0,-2,0,0,0,2,7,7,0
2004,3C,8,70.4,76.91666667,0.5,0.892481533,-3.813353293,2.472201329,0,0,-4,0,0,0,4,7,3,0
2004,3C,9,74.45,66.66666667,0.5,0.615172797,-4.001343954,-0.687330883,0,0,-4,0,0,0,4,7,4,0
2004,3C,10,75.2,65,0.625,0.551842649,-4.000326815,-1.4192737,0,0,-4,0,0,0,4,7,5,0
2004,3C,11,74.15,67.33333333,0.625,0.525130824,-4.000617096,-1.878259418,0,0,-4,0,0,0,4,7,6,0
2004,3C,12,73.4,66.66666667,0.5,0.506910314,-3.999507805,-1.562680781,0,0,-4,0,0,0,4,7,7,0
2004,3C,9,71.6,57,0,0,-0.000269405,0.133444492,0,0,-3,-3,0,0,3,4,1,0
2004,3C,10,71.6,57,0,1.58E-08,-0.000566794,0.133360348,0,0,-3,0,0,0,3,4,2,0
2004,3C,11,71.18,57.58333333,0,0,-0.000834995,0.13244299,0,0,-3,0,0,0,3,4,3,0
2004,3C,12,70.25,59.16666667,0,1.44E-08,-0.001106327,0.131311713,0,0,-3,0,0,0,3,4,4,0
2004,3C,8,70.85,58.25,0.5,0.76561378,-3.862958439,5.6307601,0,0,-4,-4,0,0,4,5,1,0
2004,3C,9,71.6,57,0.5,0.653024644,-4.000198188,5.78000149,0,0,-4,0,0,0,4,5,2,0
2004,3C,10,72.65,54.66666667,0.625,0.60888933,-4.000750148,5.3714642,0,0,-4,0,0,0,4,5,3,0
2004,3C,11,72.35,55.33333333,0.625,0.586967183,-4.002445001,4.428209459,0,0,-4,0,0,0,4,5,4,0
2004,3C,12,71.6,57,0.5,0.589781645,-4.002496553,3.059131511,0,0,-4,0,0,0,4,5,5,0
2004,3C,8,71.6,66.91666667,0.5,0.480322022,-1.989865883,3.025232806,0,0,-2,0,0,0,2,6,2,0
2004,3C,9,72.65,66.66666667,0.5,0.468813246,-2.001188918,1.14819392,0,0,-2,0,0,0,2,6,3,0
2004,3C,10,73.4,65,0.625,0.422350913,-1.99987135,0.481505307,0,0,-2,0,0,0,2,6,4,0
2004,3C,11,73.4,65,0.625,0.3988356,-1.999644884,0.129769618,0,0,-2,0,0,0,2,6,5,0
2004,3C,12,73.4,65,0.5,0.354980819,-1.999750337,-0.096092286,0,0,-2,0,0,0,2,6,6,0
2004,3C,8,72.65,66.66666667,0.5,0.709464381,-3.990652429,4.282710749,0,0,-4,0,0,0,4,7,3,0
2004,3C,9,73.4,65,0.5,0.620114663,-4.002853282,1.690039635,0,0,-4,0,0,0,4,7,4,0
2004,3C,10,74.45,65,0.625,0.528154376,-4.000980946,0.05841839,0,0,-4,0,0,0,4,7,5,0
2004,3C,11,75.2,62.66666667,0.625,0.499403283,-3.999888067,-0.338400818,0,0,-4,0,0,0,4,7,6,0
2004,3C,12,74.15,63.33333333,0.5,0.47728206,-4.000111468,-0.490112166,0,0,-4,0,0,0,4,7,7,0
2004,3C,8,71.9,62.25,0.5,0.385033374,-1.960322672,3.415677946,0,0,-2,0,0,0,2,7,3,0
2004,3C,9,73.4,63.33333333,0.5,0.409615484,-2.00133135,2.177660283,0,0,-2,0,0,0,2,7,4,0
2004,3C,10,73.4,65,0.625,0.400599537,-2.000377253,0.946745331,0,0,-2,0,0,0,2,7,5,0
2004,3C,11,74.45,62.66666667,0.625,0.354751359,-1.999409957,0.695439437,0,0,-2,0,0,0,2,7,6,0
2004,3C,12,75.2,61,0.5,0.333849667,-1.999652652,1.130980333,0,0,-2,0,0,0,2,7,7,0
2004,3C,7,75.8,66,0.375,0.427673683,-1.995712055,2.896889639,0,0,-2,0,0,0,2,8,3,0
2004,3C,8,79.85,56.91666667,0.5,0.421440931,-2.000064515,0.75765512,0,0,-2,0,0,0,2,8,4,0
2004,3C,9,81.65,52.25,0.5,0.393733043,-2.000080475,-0.010620545,0,0,-2,0,0,0,2,8,5,0
2004,3C,10,82.4,53.33333333,0.625,0.383341068,-1.999852898,-0.325083883,0,0,-2,0,0,0,2,8,6,0
2004,3C,11,81.35,54.41666667,0.625,0.369242557,-1.998960923,-0.189382745,0,0,-2,0,0,0,2,8,7,0
2004,3C,12,80.6,56.33333333,0.5,0.358495106,-1.999480152,0.135906536,0,0,-2,0,0,0,2,8,8,0
2004,3C,12,75.2,65,0.5,0.353898403,-0.988652163,1.522154772,0,0,-1,-1,0,0,2,1,1,0
2004,3C,8,71.15,70.41666667,0.5,0.246735617,-0.975052413,1.729800089,0,0,-1,0,0,0,1,6,2,0
2004,3C,9,73.4,65,0.5,0.280076244,-0.999377813,1.551740722,0,0,-1,0,0,0,1,6,3,0
2004,3C,10,73.4,65,0.625,0.290125693,-1.000050943,1.352362298,0,0,-1,0,0,0,1,6,4,0
2004,3C,11,73.4,65,0.625,0.272991812,-0.999980706,0.900862944,0,0,-1,0,0,0,1,6,5,0
2004,3C,12,73.4,65,0.5,0.238609716,-0.999657031,1.228004735,0,0,-1,0,0,0,1,6,6,0
2004,3C,8,71.6,73,0.5,0.994874514,-3.728500847,-0.077119348,0,0,-4,-4,0,0,4,5,1,0
2004,3C,9,73.7,68.33333333,0.5,0.647352465,-4.000590532,-2.839826534,0,0,-4,0,0,0,4,5,2,0
2004,3C,10,75.2,62.66666667,0.625,0.557418523,-3.999922337,-2.211910822,0,0,-4,0,0,0,4,5,3,0
2004,3C,11,75.2,61,0.625,0.532954353,-4.00017017,-1.359502309,0,0,-4,0,0,0,4,5,4,0
2004,3C,12,76.25,58.66666667,0.5,0.511226677,-3.998968409,-0.64717878,0,0,-4,0,0,0,4,5,5,0
2004,3C,10,72.35,67.33333333,0.625,0.892473938,-3.628310412,0.393693903,0,0,-4,-4,0,0,4,3,1,0
2004,3C,11,72.65,66.66666667,0.625,0.649735102,-4.001253849,-2.379579497,0,0,-4,0,0,0,4,3,2,0
2004,3C,12,73.4,65,0.5,0.535778451,-3.999647317,-1.999848357,0,0,-4,0,0,0,4,3,3,0
2004,3C,8,72.65,64.58333333,0.5,0.821878694,-3.824086721,2.795875177,0,0,-4,-4,0,0,4,5,1,0
2004,3C,9,73.4,65,0.5,0.638099599,-4.002482608,0.08478377,0,0,-4,0,0,0,4,5,2,0
2004,3C,10,73.4,65,0.625,0.592938061,-4.000723947,-0.806333513,0,0,-4,0,0,0,4,5,3,0
2004,3C,11,73.4,65,0.625,0.555880015,-4.000187493,-1.177276473,0,0,-4,0,0,0,4,5,4,0
2004,3C,12,72.35,67.33333333,0.5,0.523512557,-4.000172051,-1.558177664,0,0,-4,0,0,0,4,5,5,0
2004,3C,7,72.65,75.08333333,0.375,0.285423529,-0.98839176,2.054318797,0,0,-1,0,0,0,1,7,2,0
2004,3C,8,74.45,70.66666667,0.5,0.306799133,-1.000588076,1.159415243,0,0,-1,0,0,0,1,7,3,0
2004,3C,9,76.25,66.66666667,0.5,0.273962458,-0.99968623,0.905054056,0,0,-1,0,0,0,1,7,4,0
2004,3C,10,75.95,67.33333333,0.625,0.269935818,-1.000072184,0.853455727,0,0,-1,0,0,0,1,7,5,0
2004,3C,11,76.25,64.33333333,0.625,0.266596519,-0.998966638,0.944728782,0,0,-1,0,0,0,1,7,6,0
2004,3C,12,78.05,59.25,0.5,0.26201801,-0.998793551,1.210500113,0,0,-1,0,0,0,1,7,7,0
2004,3C,7,71.9,72.75,0.375,0.355492049,-0.964609166,1.884448838,0,0,-1,-1,0,0,1,6,1,0
2004,3C,8,73.4,69,0.5,0.349246086,-1.000346917,1.232200801,0,0,-1,0,0,0,1,6,2,0
2004,3C,9,74.45,66.66666667,0.5,0.289967019,-1.000161626,0.640999302,0,0,-1,0,0,0,1,6,3,0
2004,3C,10,75.2,65,0.625,0.278609484,-0.999524321,0.648016177,0,0,-1,0,0,0,1,6,4,0
2004,3C,11,75.2,65,0.625,0.27396083,-0.999178215,0.760288666,0,0,-1,0,0,0,1,6,5,0
2004,3C,12,75.2,62.66666667,0.5,0.26752767,-0.998846088,0.977871477,0,0,-1,0,0,0,1,6,6,0
2004,3C,7,71.375,78.83333333,0.375,0.968716138,-3.796063477,2.206165368,0,0,-4,-4,0,0,4,6,1,0
2004,3C,8,75.5,68.33333333,0.5,0.636687005,-4.001362981,-1.387390207,0,0,-4,0,0,0,4,6,2,0
2004,3C,9,79.1,60.91666667,0.5,0.563254325,-4.000212383,-2.336551526,0,0,-4,0,0,0,4,6,3,0
2004,3C,10,81.65,56.25,0.625,0.545533807,-3.999557133,-2.297827161,0,0,-4,0,0,0,4,6,4,0
2004,3C,11,79.25,60.83333333,0.625,0.521182134,-3.999601314,-1.953370537,0,0,-4,0,0,0,4,6,5,0
2004,3C,12,78.05,62.66666667,0.5,0.50080921,-4.000701879,-1.461057589,0,0,-4,0,0,0,4,6,6,0
2004,3C,9,72.65,59.91666667,0.5,0.382323476,-1.997720279,3.428598725,0,0,-2,0,0,0,2,5,2,0
2004,3C,10,73.4,57,0.625,0.394687909,-2.000915049,3.132993023,0,0,-2,0,0,0,2,5,3,0
2004,3C,11,72.35,58.75,0.625,0.40853826,-2.001166907,3.683043558,0,0,-2,0,0,0,2,5,4,0
2004,3C,12,71.6,60,0.5,0.408883969,-2.00177859,3.304815288,0,0,-2,0,0,0,2,5,5,0
2004,3C,8,71.9,70.66666667,0.5,0.793259905,-3.956979882,3.135516864,0,0,-4,0,0,0,4,6,2,0
2004,3C,9,74.45,66.66666667,0.5,0.594271332,-4.000567975,-0.414474829,0,0,-4,0,0,0,4,6,3,0
2004,3C,10,74.15,67.33333333,0.625,0.547861924,-4.000378483,-1.458655771,0,0,-4,0,0,0,4,6,4,0
2004,3C,11,73.4,69,0.625,0.530776178,-3.999927503,-1.755235091,0,0,-4,0,0,0,4,6,5,0
2004,3C,12,73.4,66.66666667,0.5,0.510462855,-3.999776813,-1.346883392,0,0,-4,0,0,0,4,6,6,0
2004,3C,8,72.65,70.66666667,0.5,0.252816394,-0.990853358,1.80790543,0,0,-1,0,0,0,1,7,3,0
2004,3C,9,73.4,69,0.5,0.279636632,-0.999774689,1.348856746,0,0,-1,0,0,0,1,7,4,0
2004,3C,10,74.45,66.66666667,0.625,0.2283189,-0.999879693,1.264683872,0,0,-1,0,0,0,1,7,5,0
2004,3C,11,75.2,65,0.625,0.234607249,-0.999488138,1.404886718,0,0,-1,0,0,0,1,7,6,0
2004,3C,12,75.2,65,0.5,0.234856232,-0.999555791,1.550983587,0,0,-1,0,0,0,1,7,7,0
2004,3C,10,72.65,62.25,0.625,0.679387849,-2.911748358,2.319796594,0,0,-3,-3,0,0,4,3,1,0
2004,3C,11,73.4,61,0.625,0.519199193,-3.000217583,1.226395215,0,0,-3,0,0,0,4,3,2,0
2004,3C,12,74.45,58.66666667,0.5,0.447805833,-3.000515616,1.280583858,0,0,-3,0,0,0,4,3,3,0
2004,3C,9,70.85,58.25,0.5,0.506498292,-2.98295753,4.834897581,0,0,-3,0,0,0,3,8,5,0
2004,3C,10,73.7,52.91666667,0.625,0.476443149,-3.000822596,4.744126086,0,0,-3,0,0,0,3,8,6,0
2004,3C,11,77.3,47.08333333,0.625,0.418077672,-3.000687641,4.868172398,0,0,-3,0,0,0,3,8,7,0
2004,3C,12,76.7,50.25,0.5,0.425858645,-3.001831492,3.902597537,0,0,-3,0,0,0,3,8,8,0
2004,3C,7,71.15,68.33333333,0.375,0.518677375,-2.712746728,5.352758036,0,0,-3,0,0,0,3,8,3,0
2004,3C,8,73.4,65,0.5,0.592742034,-2.995834953,3.066600988,0,0,-3,0,0,0,3,8,4,0
2004,3C,9,74.45,65,0.5,0.491395054,-3.000560251,1.097541761,0,0,-3,0,0,0,3,8,5,0
2004,3C,10,74.15,67.33333333,0.625,0.456964786,-3.000909061,-0.203399306,0,0,-3,0,0,0,3,8,6,0
2004,3C,11,72.35,71.33333333,0.625,0.439386701,-3.000214039,-0.834712332,0,0,-3,0,0,0,3,8,7,0
2004,3C,12,72.65,70.66666667,0.5,0.431133169,-3.000168865,-0.621715594,0,0,-3,0,0,0,3,8,8,0
2004,3C,8,71.9,58.25,0.5,0.469365642,-1.945624206,3.049342315,0,0,-2,-2,0,0,2,5,1,0
2004,3C,9,72.35,58.75,0.5,0.4150368,-1.996099861,3.590587092,0,0,-2,0,0,0,2,5,2,0
2004,3C,10,71.6,60,0.625,0.424357718,-2.001827298,3.161461765,0,0,-2,0,0,0,2,5,3,0
2004,3C,11,71.6,62.33333333,0.625,0.450933434,-2.000968331,2.510257183,0,0,-2,0,0,0,2,5,4,0
2004,3C,12,71.6,61.66666667,0.5,0.474531012,-2.000255907,2.246321434,0,0,-2,0,0,0,2,5,5,0
2004,3C,9,71.9,54.25,0.5,0.459610767,-2.930134092,4.529581693,0,0,-3,0,0,0,3,8,5,0
2004,3C,10,72.35,57.08333333,0.625,0.458114963,-2.991972176,4.149909724,0,0,-3,0,0,0,3,8,6,0
2004,3C,11,71.6,60,0.625,0.513964431,-3.000460562,3.764377256,0,0,-3,0,0,0,3,8,7,0
2004,3C,12,71.6,60,0.5,0.523102756,-3.000757277,3.651448671,0,0,-3,0,0,0,3,8,8,0
2004,3C,10,71.9,77.16666667,0.625,0.296821272,-0.98920416,1.427992202,0,0,-1,0,0,0,1,8,6,0
2004,3C,11,76.55,66,0.625,0.255608523,-0.999674525,1.086655073,0,0,-1,0,0,0,1,8,7,0
2004,3C,12,80.9,55.16666667,0.5,0.253483855,-0.999876027,1.373289382,0,0,-1,0,0,0,1,8,8,0
2004,3C,8,70.85,88,0.5,0.810106013,-2.859926979,-1.813020109,0,0,-3,-3,0,0,3,5,1,0
2004,3C,9,71.6,85.08333333,0.5,0.518601626,-3.000262928,-3.409314033,0,0,-3,0,0,0,3,5,2,0
2004,3C,10,75.8,75.41666667,0.625,0.453316978,-2.999648479,-2.477505577,0,0,-3,0,0,0,3,5,3,0
2004,3C,11,75.65,71.75,0.625,0.437356561,-2.999998573,-1.764057618,0,0,-3,0,0,0,3,5,4,0
2004,3C,12,72.35,73,0.5,0.419541301,-3.000223773,-1.242160715,0,0,-3,0,0,0,3,5,5,0
2004,3C,8,70.85,70.66666667,0.5,0.780355652,-3.964705427,4.382066257,0,0,-4,0,0,0,4,6,2,0
2004,3C,9,70.55,71.33333333,0.5,0.718171379,-3.996415436,1.451613419,0,0,-4,0,0,0,4,6,3,0
2004,3C,10,70.85,70.66666667,0.625,0.68378598,-4.001125844,0.085542308,0,0,-4,0,0,0,4,6,4,0
2004,3C,11,71.6,69,0.625,0.610502524,-4.000346362,-0.453421023,0,0,-4,0,0,0,4,6,5,0
2004,3C,12,70.55,71.33333333,0.5,0.572195108,-4.000678171,-0.671612553,0,0,-4,0,0,0,4,6,6,0
2004,3C,12,94.7,17.75,0.5,0.441943032,-1.927978052,2.248235692,0,0,-2,-2,0,0,1,1,1,0
2004,4A,10,71.06,51.33333333,0.625,0.43628979,-2.918515356,4.606116065,0,0,-3,0,0,0,3,4,2,0
2004,4A,11,72.59,46.83333333,0.625,0.435898377,-2.989615847,4.323412105,0,0,-3,0,0,0,3,4,3,0
2004,4A,12,73.04,46,0.5,0.406806336,-3.00037678,4.167735455,0,0,-3,0,0,0,3,4,4,0
2004,4A,10,83.195,36.83333333,0,0,-0.175909734,0.262266893,0,0,-1,-1,0,0,1,3,1,0
2004,4A,11,82.235,35.41666667,0,1.50E-08,-0.166880355,0.241697139,0,0,-1,0,0,0,1,3,2,0
2004,4A,12,79.805,39.08333333,0,0,-0.159429242,0.224774273,0,0,-1,0,0,0,1,3,3,0
2004,4A,8,74.27,85.75,0.5,0.418683472,-1.962941006,-0.411532594,0,0,-2,-2,0,0,2,5,1,0
2004,4A,9,78.86,72.08333333,0.5,0.276397783,-2.000079311,-1.7838049,0,0,-2,0,0,0,2,5,2,0
2004,4A,10,82.115,60.33333333,0.625,0.262871994,-1.99905426,-1.741817,0,0,-2,0,0,0,2,5,3,0
2004,4A,11,84.095,53.5,0.625,0.258057853,-1.998660546,-1.505809612,0,0,-2,0,0,0,2,5,4,0
2004,4A,12,86.18,48.08333333,0.5,0.255298123,-1.999702147,-1.156946839,0,0,-2,0,0,0,2,5,5,0
2004,4A,6,72.215,61.91666667,0.125,0.232059633,-0.999919041,1.675919117,0,0,-1,0,0,0,1,8,2,0
2004,4A,7,72.41,60.16666667,0.375,0.210008696,-0.99998693,1.825937417,0,0,-1,0,0,0,1,8,3,0
2004,4A,8,73.115,60.41666667,0.5,0.204310389,-1.000048299,1.815638816,0,0,-1,0,0,0,1,8,4,0
2004,4A,9,73.94,58.25,0.5,0.202560388,-0.999986016,1.757997123,0,0,-1,0,0,0,1,8,5,0
2004,4A,10,75.095,55.25,0.625,0.16877654,-0.999898289,1.888936941,0,0,-1,0,0,0,1,8,6,0
2004,4A,11,76.55,50.5,0.625,0.168731602,-0.999994535,2.068015556,0,0,-1,0,0,0,1,8,7,0
2004,4A,12,75.215,50.91666667,0.5,0.163501512,-1.000754177,1.395130277,0,0,-1,0,0,0,1,8,8,0
2004,4A,10,72.29,84.08333333,0.625,0.443865952,-3.001159624,-5.369152361,0,0,-3,0,0,0,3,5,3,0
2004,4A,11,73.94,80.25,0.625,0.389217299,-2.99987075,-4.388771837,0,0,-3,0,0,0,3,5,4,0
2004,4A,12,73.94,80.75,0.5,0.371345483,-2.999742804,-3.677871222,0,0,-3,0,0,0,3,5,5,0
2004,4A,12,74.39,77.75,0.5,0.486105292,-1.941557637,-1.384502417,0,0,-2,-2,0,0,2,1,1,0
2004,4A,6,73.895,82.33333333,0.125,0.352776362,-2.001397217,1.06251005,0,0,-2,0,0,0,2,8,2,0
2004,4A,7,77.705,76.08333333,0.375,0.345122959,-2.001084156,-1.540132581,0,0,-2,0,0,0,2,8,3,0
2004,4A,8,79.61,74,0.5,0.297873449,-2.000473952,-2.582573071,0,0,-2,0,0,0,2,8,4,0
2004,4A,9,81.74,69.91666667,0.5,0.281732556,-2.000124024,-2.335292528,0,0,-2,0,0,0,2,8,5,0
2004,4A,10,85.88,63.5,0.625,0.275996287,-1.999935479,-1.984802069,0,0,-2,0,0,0,2,8,6,0
2004,4A,11,84.515,67.41666667,0.625,0.267206893,-1.99980333,-1.676895778,0,0,-2,0,0,0,2,8,7,0
2004,4A,12,79.1,79,0.5,0.252952639,-2.000658078,-1.475535818,0,0,-2,0,0,0,2,8,8,0
2004,4A,9,80.435,49.5,0.5,0.264223547,-0.988749884,1.062844274,0,0,-1,-1,0,0,1,4,1,0
2004,4A,10,80.585,42.33333333,0.625,0.142980975,-0.99964285,2.151026186,0,0,-1,0,0,0,1,4,2,0
2004,4A,11,80.435,40.75,0.625,0.172158384,-1.000705983,2.513112438,0,0,-1,0,0,0,1,4,3,0
2004,4A,12,80.585,40.25,0.5,0.161917537,-0.999871995,2.404805997,0,0,-1,0,0,0,1,4,4,0
2004,4A,10,70.61,93,0.625,0.334058681,-2.000256833,-4.11076259,0,0,-2,0,0,0,2,5,3,0
2004,4A,11,71.06,91.25,0.625,0.321334023,-2.00013293,-3.505059086,0,0,-2,0,0,0,2,5,4,0
2004,4A,12,71.06,91.75,0.5,0.300287889,-2.000286469,-3.020929819,0,0,-2,0,0,0,2,5,5,0
2004,4A,6,74.57,59.08333333,0.125,0.359086393,-1.98337245,3.256123776,0,0,-2,-2,0,0,2,7,1,0
2004,4A,7,76.175,58.75,0.375,0.265401763,-1.999869859,3.648451108,0,0,-2,0,0,0,2,7,2,0
2004,4A,8,78.155,58.83333333,0.5,0.350321231,-2.002726892,2.218590188,0,0,-2,0,0,0,2,7,3,0
2004,4A,9,80.765,53.91666667,0.5,0.317930233,-2.001957026,0.252192894,0,0,-2,0,0,0,2,7,4,0
2004,4A,10,80.885,55.08333333,0.625,0.30057872,-2.001173751,-1.119438784,0,0,-2,0,0,0,2,7,5,0
2004,4A,11,80.585,55.66666667,0.625,0.278753507,-2.00062859,-1.161542221,0,0,-2,0,0,0,2,7,6,0
2004,4A,12,80.96,53.41666667,0.5,0.264098876,-2.00060008,-0.550915592,0,0,-2,0,0,0,2,7,7,0
2004,4A,7,70.235,85.25,0.375,0.850319539,-3.996569673,-1.662546154,0,0,-4,0,0,0,4,7,2,0
2004,4A,8,74.525,78.16666667,0.5,0.566907716,-4.002210997,-5.317845652,0,0,-4,0,0,0,4,7,3,0
2004,4A,9,76.37,74,0.5,0.490529197,-3.999757841,-5.52492348,0,0,-4,0,0,0,4,7,4,0
2004,4A,10,74.765,74,0.625,0.464136394,-3.999638786,-5.137740912,0,0,-4,0,0,0,4,7,5,0
2004,4A,11,74.57,74,0.625,0.447474569,-3.999463313,-4.629424155,0,0,-4,0,0,0,4,7,6,0
2004,4A,12,72.71,78.08333333,0.5,0.420312231,-3.999197597,-4.158260759,0,0,-4,0,0,0,4,7,7,0
2004,4A,9,81.215,57.91666667,0,6.31E-09,0.062062079,-0.16929744,0,0,-3,-3,0,0,3,4,1,0
2004,4A,10,82.565,49.75,0,0.001758945,0.055604117,-0.153142114,0,0,-3,0,0,0,3,4,2,0
2004,4A,11,82.415,43.66666667,0,0.011210928,0.021851534,-0.116699391,0,0,-3,0,0,0,3,4,3,0
2004,4A,12,82.04,40.83333333,0,0.016495739,-0.014439843,-0.123833693,0,0,-3,0,0,0,3,4,4,0
2004,4A,8,76.175,79.08333333,0.5,0.856252544,-3.553444834,-3.887267629,0,0,-4,-4,0,0,4,5,1,0
2004,4A,9,77.63,76.41666667,0.5,0.5576224,-4.001180743,-6.97385289,0,0,-4,0,0,0,4,5,2,0
2004,4A,10,77.45,76.58333333,0.625,0.495309104,-4.000664024,-6.35223244,0,0,-4,0,0,0,4,5,3,0
2004,4A,11,78.785,72.33333333,0.625,0.469026238,-4.000774069,-5.549584877,0,0,-4,0,0,0,4,5,4,0
2004,4A,12,80.585,69,0.5,0.455326849,-4.000617463,-4.721734126,0,0,-4,0,0,0,4,5,5,0
2004,4A,7,82.37,63.16666667,0.375,0.568982258,-1.95683015,-2.311875492,0,0,-2,-2,0,0,2,6,1,0
2004,4A,8,84.545,55.5,0.5,0.349829373,-2.0003346,-3.497704222,0,0,-2,0,0,0,2,6,2,0
2004,4A,9,87.335,48.33333333,0.5,0.320655817,-1.999712793,-2.76545953,0,0,-2,0,0,0,2,6,3,0
2004,4A,10,90.215,42.66666667,0.625,0.3101447,-1.999857705,-2.164436848,0,0,-2,0,0,0,2,6,4,0
2004,4A,11,88.73,48,0.625,0.296996034,-1.999792767,-1.779035423,0,0,-2,0,0,0,2,6,5,0
2004,4A,12,87.605,56.5,0.5,0.283204434,-2.000133756,-1.538808333,0,0,-2,0,0,0,2,6,6,0
2004,4A,6,80.765,56.75,0.125,0.86595182,-3.753561327,0.758517986,0,0,-4,-4,0,0,4,7,1,0
2004,4A,7,83.195,50.08333333,0.375,0.585543248,-4.002930742,-1.749090746,0,0,-4,0,0,0,4,7,2,0
2004,4A,8,85.805,46.83333333,0.5,0.539677863,-4.002727996,-3.806127017,0,0,-4,0,0,0,4,7,3,0
2004,4A,9,85.82,48.91666667,0.5,0.495785117,-4.000964245,-4.223140313,0,0,-4,0,0,0,4,7,4,0
2004,4A,10,84.395,49.25,0.625,0.465157339,-4.000945609,-3.975417997,0,0,-4,0,0,0,4,7,5,0
2004,4A,11,83.39,54.41666667,0.625,0.447312237,-4.000911702,-3.626482468,0,0,-4,0,0,0,4,7,6,0
2004,4A,12,81.26,61.91666667,0.5,0.429892136,-4.00089993,-3.38349184,0,0,-4,0,0,0,4,7,7,0
2004,4A,6,77.33,65.75,0.125,0.403562658,-1.976707256,2.564517519,0,0,-2,-2,0,0,2,7,1,0
2004,4A,7,80.765,58.5,0.375,0.328188301,-2.002316172,1.352506739,0,0,-2,0,0,0,2,7,2,0
2004,4A,8,82.565,55.41666667,0.5,0.321808462,-2.001539827,-1.1504728,0,0,-2,0,0,0,2,7,3,0
2004,4A,9,82.94,56.16666667,0.5,0.286771416,-2.000137925,-1.701255626,0,0,-2,0,0,0,2,7,4,0
2004,4A,10,82.94,58.16666667,0.625,0.272286722,-2.000023069,-1.638993393,0,0,-2,0,0,0,2,7,5,0
2004,4A,11,82.94,59,0.625,0.26192856,-1.999712847,-1.441337909,0,0,-2,0,0,0,2,7,6,0
2004,4A,12,83.57,55.5,0.5,0.25520557,-2.000159819,-1.141849266,0,0,-2,0,0,0,2,7,7,0
2004,4A,6,75.725,85.75,0.125,0.386835224,-2.001422427,-2.763921936,0,0,-2,0,0,0,2,8,2,0
2004,4A,7,78.155,79.08333333,0.375,0.347511619,-2.000742983,-3.597356228,0,0,-2,0,0,0,2,8,3,0
2004,4A,8,79.61,75.25,0.5,0.300098734,-1.999811548,-3.359986382,0,0,-2,0,0,0,2,8,4,0
2004,4A,9,80.06,74,0.5,0.289320092,-2.000261428,-2.762673574,0,0,-2,0,0,0,2,8,5,0
2004,4A,10,81.215,71.08333333,0.625,0.279601165,-1.999210333,-2.354271355,0,0,-2,0,0,0,2,8,6,0
2004,4A,11,81.41,71.91666667,0.625,0.271008022,-2.000555735,-1.994824145,0,0,-2,0,0,0,2,8,7,0
2004,4A,12,81.59,72.83333333,0.5,0.262627718,-2.000495322,-1.664954441,0,0,-2,0,0,0,2,8,8,0
2004,4A,12,85.37,71.16666667,0.5,0.297479518,-0.976041682,-0.182863592,0,0,-1,-1,0,0,2,1,1,0
2004,4A,7,79.76,85.33333333,0.375,0.337619467,-0.989974072,-1.441721912,0,0,-1,-1,0,0,1,6,1,0
2004,4A,8,82.115,79.08333333,0.5,0.210692237,-1.000718186,-1.831723788,0,0,-1,0,0,0,1,6,2,0
2004,4A,9,84.095,72.91666667,0.5,0.199501458,-0.99964311,-1.312954245,0,0,-1,0,0,0,1,6,3,0
2004,4A,10,84.395,70,0.625,0.193122532,-0.999159778,-0.96889867,0,0,-1,0,0,0,1,6,4,0
2004,4A,11,84.02,72.33333333,0.625,0.186422094,-1.000525394,-0.706269361,0,0,-1,0,0,0,1,6,5,0
2004,4A,12,84.545,72.83333333,0.5,0.181418045,-1.000212216,-0.465934169,0,0,-1,0,0,0,1,6,6,0
2004,4A,8,76.55,82,0.5,0.839054436,-3.403584263,-4.503526387,0,0,-4,-4,0,0,4,5,1,0
2004,4A,9,77.63,78.5,0.5,0.569701014,-4.000186082,-7.602178825,0,0,-4,0,0,0,4,5,2,0
2004,4A,10,78.605,76.58333333,0.625,0.502771833,-3.999714272,-6.723672056,0,0,-4,0,0,0,4,5,3,0
2004,4A,11,80.765,74.08333333,0.625,0.47804151,-3.999655505,-5.821232383,0,0,-4,0,0,0,4,5,4,0
2004,4A,12,80.255,74.91666667,0.5,0.457431958,-4.000036151,-5.051875588,0,0,-4,0,0,0,4,5,5,0
2004,4A,10,83.39,74.91666667,0.625,0.636533047,-2.590278409,-2.462815673,0,0,-4,-4,0,0,4,3,1,0
2004,4A,11,83.57,77,0.625,0.547610278,-3.643272233,-5.723875165,0,0,-4,0,0,0,4,3,2,0
2004,4A,12,85.175,74.08333333,0.5,0.505276724,-3.866903255,-5.53470673,0,0,-4,0,0,0,4,3,3,0
2004,4A,8,84.545,75.83333333,0.5,0.661603701,-2.6828523,-2.710579375,0,0,-4,-4,0,0,4,5,1,0
2004,4A,9,86.18,70.91666667,0.5,0.593452137,-3.845275197,-6.072389445,0,0,-4,0,0,0,4,5,2,0
2004,4A,10,87.08,68,0.625,0.508592036,-3.956332247,-5.862223487,0,0,-4,0,0,0,4,5,3,0
2004,4A,11,87.605,65.08333333,0.625,0.475776826,-3.963845034,-5.082031508,0,0,-4,0,0,0,4,5,4,0
2004,4A,12,88.61,63,0.5,0.457752827,-3.964155197,-4.292740156,0,0,-4,0,0,0,4,5,5,0
2004,4A,8,71.585,65.66666667,0.5,0.196636486,-0.999986763,1.842577652,0,0,-1,0,0,0,1,7,3,0
2004,4A,9,73.745,58.75,0.5,0.201101895,-1.000038719,1.736856151,0,0,-1,0,0,0,1,7,4,0
2004,4A,10,76.175,52.08333333,0.625,0.134048336,-0.999311487,2.258011818,0,0,-1,0,0,0,1,7,5,0
2004,4A,11,75.215,52.91666667,0.625,0.183536081,-1.001019085,1.413426968,0,0,-1,0,0,0,1,7,6,0
2004,4A,12,75.095,50.91666667,0.5,0.184594284,-0.99954005,0.449145044,0,0,-1,0,0,0,1,7,7,0
2004,4A,7,76.805,66.91666667,0.375,0.246469607,-0.989174849,1.758445619,0,0,-1,-1,0,0,1,6,1,0
2004,4A,8,77.45,66.91666667,0.5,0.244052436,-1.001763509,0.411991166,0,0,-1,0,0,0,1,6,2,0
2004,4A,9,77.63,67.83333333,0.5,0.209679431,-0.999910427,-0.454355024,0,0,-1,0,0,0,1,6,3,0
2004,4A,10,78.605,62.91666667,0.625,0.195264969,-0.999331784,-0.419140051,0,0,-1,0,0,0,1,6,4,0
2004,4A,11,79.61,56.5,0.625,0.18300812,-0.999627422,0.257469807,0,0,-1,0,0,0,1,6,5,0
2004,4A,12,79.43,56.33333333,0.5,0.175667755,-1.000007771,0.547746726,0,0,-1,0,0,0,1,6,6,0
2004,4A,7,83.72,42.91666667,0.375,0.750526369,-3.784016976,3.252017719,0,0,-4,-4,0,0,4,6,1,0
2004,4A,8,86.18,37.66666667,0.5,0.573094245,-4.004297591,0.771003202,0,0,-4,0,0,0,4,6,2,0
2004,4A,9,88.235,34.83333333,0.5,0.498253654,-4.002704987,0.055994893,0,0,-4,0,0,0,4,6,3,0
2004,4A,10,90.215,32.25,0.625,0.481826354,-4.003110395,-0.446866381,0,0,-4,0,0,0,4,6,4,0
2004,4A,11,91.565,30.41666667,0.625,0.464257192,-4.002523462,-0.513303414,0,0,-4,0,0,0,4,6,5,0
2004,4A,12,91.94,30.58333333,0.5,0.450800661,-4.002304799,0.018208803,0,0,-4,0,0,0,4,6,6,0
2004,4A,8,80.39,51.41666667,0.5,0.402312587,-1.976339686,2.083534723,0,0,-2,-2,0,0,2,5,1,0
2004,4A,9,83.72,50.41666667,0.5,0.344730458,-2.002878934,-0.014689146,0,0,-2,0,0,0,2,5,2,0
2004,4A,10,86.705,45.91666667,0.625,0.318085666,-2.000588944,-1.512093087,0,0,-2,0,0,0,2,5,3,0
2004,4A,11,89.135,41.83333333,0.625,0.299432381,-2.000041024,-1.564189128,0,0,-2,0,0,0,2,5,4,0
2004,4A,12,89.435,44.5,0.5,0.286721492,-1.999776163,-1.312517198,0,0,-2,0,0,0,2,5,5,0
2004,4A,7,76.805,57.33333333,0.375,0.750174735,-3.807126482,3.726678741,0,0,-4,-4,0,0,4,6,1,0
2004,4A,8,79.76,52.25,0.5,0.607950546,-4.00476177,0.010202953,0,0,-4,0,0,0,4,6,2,0
2004,4A,9,83.27,47.5,0.5,0.533148073,-4.002206746,-2.331303962,0,0,-4,0,0,0,4,6,3,0
2004,4A,10,86.18,43.83333333,0.625,0.512344133,-4.000837106,-3.575234521,0,0,-4,0,0,0,4,6,4,0
2004,4A,11,88.76,40.08333333,0.625,0.494339894,-4.000803864,-3.655701483,0,0,-4,0,0,0,4,6,5,0
2004,4A,12,90.59,38,0.5,0.47798114,-4.001154795,-3.04174952,0,0,-4,0,0,0,4,6,6,0
2004,4A,8,70.235,38.83333333,0.5,0.177110013,-0.999583691,0.76401089,0,0,-1,0,0,0,1,7,3,0
2004,4A,9,72.74,35.66666667,0.5,0.188328704,-0.999776874,0.955623574,0,0,-1,0,0,0,1,7,4,0
2004,4A,10,75.095,32.83333333,0.625,0.162887881,-0.999636861,1.13892295,0,0,-1,0,0,0,1,7,5,0
2004,4A,11,76.55,32,0.625,0.148220639,-0.999929885,1.222221186,0,0,-1,0,0,0,1,7,6,0
2004,4A,12,78.785,29.66666667,0.5,0.143075248,-0.999578008,1.443110504,0,0,-1,0,0,0,1,7,7,0
2004,4A,10,78.605,43.25,0.625,0.460432812,-2.915214485,4.698759908,0,0,-3,-3,0,0,4,3,1,0
2004,4A,11,78.98,41.41666667,0.625,0.336727431,-3.002536221,5.182258828,0,0,-3,0,0,0,4,3,2,0
2004,4A,12,78.455,41.58333333,0.5,0.291669966,-3.002449542,5.377546812,0,0,-3,0,0,0,4,3,3,0
2004,4A,7,72.29,64.5,0.375,0.443893706,-2.997391923,3.308967152,0,0,-3,0,0,0,3,8,3,0
2004,4A,8,76.88,55,0.5,0.364688262,-3.001124081,3.477136384,0,0,-3,0,0,0,3,8,4,0
2004,4A,9,77.195,55.83333333,0.5,0.371330824,-3.001803875,2.797852018,0,0,-3,0,0,0,3,8,5,0
2004,4A,10,76.55,58.83333333,0.625,0.371237259,-3.002496214,1.155272403,0,0,-3,0,0,0,3,8,6,0
2004,4A,11,77,58,0.625,0.350707491,-3.001774768,0.547877834,0,0,-3,0,0,0,3,8,7,0
2004,4A,12,77,59.16666667,0.5,0.335517974,-3.000930804,0.561883345,0,0,-3,0,0,0,3,8,8,0
2004,4A,6,72.59,79,0.125,0.409058927,-3.000946942,4.53362259,0,0,-3,0,0,0,3,8,2,0
2004,4A,7,74.195,76.08333333,0.375,0.441917888,-3.002486382,2.46458276,0,0,-3,0,0,0,3,8,3,0
2004,4A,8,76.805,71.08333333,0.5,0.456145262,-3.00304926,-1.584579414,0,0,-3,0,0,0,3,8,4,0
2004,4A,9,78.605,69,0.5,0.402846079,-3.000021501,-3.298822593,0,0,-3,0,0,0,3,8,5,0
2004,4A,10,79.61,69,0.625,0.378099526,-2.999733209,-3.472415443,0,0,-3,0,0,0,3,8,6,0
2004,4A,11,80.06,70.16666667,0.625,0.360448099,-3.000757678,-3.249481433,0,0,-3,0,0,0,3,8,7,0
2004,4A,12,80.06,71,0.5,0.346146684,-3.000315215,-2.858666327,0,0,-3,0,0,0,3,8,8,0
2004,4A,9,71.585,43.16666667,0.5,0.338771388,-2.000260957,2.65083189,0,0,-2,0,0,0,2,5,2,0
2004,4A,10,71.96,46.33333333,0.625,0.327246726,-1.999797157,2.704125663,0,0,-2,0,0,0,2,5,3,0
2004,4A,11,71.96,49.75,0.625,0.321507414,-1.999829185,2.860117419,0,0,-2,0,0,0,2,5,4,0
2004,4A,12,72.59,46.91666667,0.5,0.3113279,-2.000129988,3.08855834,0,0,-2,0,0,0,2,5,5,0
2004,4A,9,71.135,49.25,0.5,0.434773504,-2.997322675,4.354153483,0,0,-3,0,0,0,3,8,5,0
2004,4A,10,72.59,46.83333333,0.625,0.415992664,-2.999971245,4.354350085,0,0,-3,0,0,0,3,8,6,0
2004,4A,11,73.565,44.25,0.625,0.381232084,-2.999885752,4.570173208,0,0,-3,0,0,0,3,8,7,0
2004,4A,12,74.57,43,0.5,0.296622798,-2.999667685,4.824641126,0,0,-3,0,0,0,3,8,8,0
2004,4A,9,71.39,48.08333333,0.5,0.462464398,-2.967147914,4.247153116,0,0,-3,0,0,0,3,8,5,0
2004,4A,10,72.41,47.75,0.625,0.43732519,-2.999642831,4.531907035,0,0,-3,0,0,0,3,8,6,0
2004,4A,11,71.96,50.16666667,0.625,0.429626969,-3.000138434,4.58553658,0,0,-3,0,0,0,3,8,7,0
2004,4A,12,71.435,52.16666667,0.5,0.422566785,-2.999760934,5.298606385,0,0,-3,0,0,0,3,8,8,0
2004,4A,8,71.135,76.83333333,0.5,0.255150621,-0.999683504,1.46765742,0,0,-1,0,0,0,1,8,4,0
2004,4A,9,72.59,74.25,0.5,0.2883979,-1.000760998,0.510602021,0,0,-1,0,0,0,1,8,5,0
2004,4A,10,73.565,71.83333333,0.625,0.222038134,-1.000605293,-0.123849685,0,0,-1,0,0,0,1,8,6,0
2004,4A,11,74.57,71,0.625,0.169789959,-1.000627376,0.033619894,0,0,-1,0,0,0,1,8,7,0
2004,4A,12,74.39,71,0.5,0.164324239,-1.000418683,-0.640739836,0,0,-1,0,0,0,1,8,8,0
2004,4A,8,71.585,90.5,0.5,0.760160493,-2.855365535,-3.524826027,0,0,-3,-3,0,0,3,5,1,0
2004,4A,9,70.28,94.75,0.5,0.434729561,-2.99976996,-5.477721371,0,0,-3,0,0,0,3,5,2,0
2004,4A,12,71.765,96.5,0.5,0.364141623,-2.999781812,-4.060005715,0,0,-3,0,0,0,3,5,5,0
2004,6B,10,70.31,39.5,0,0.004782099,-0.317199935,-0.301337844,0,0,-1,-1,0,0,1,3,1,0
2004,6B,11,73.115,32.33333333,0,0.002879941,-0.319072825,-0.284550594,0,0,-1,0,0,0,1,3,2,0
2004,6B,12,73.94,27.83333333,0,0.001151148,-0.34765468,-0.24136189,0,0,-1,0,0,0,1,3,3,0
2004,6B,12,72.545,47.16666667,0.5,0.371346679,-2.999624315,4.489358536,0,0,-3,0,0,0,3,8,8,0
2004,6B,9,72.92,41.33333333,0.5,0.23089701,-0.973063415,0.693639085,0,0,-1,-1,0,0,1,4,1,0
2004,6B,10,76.805,42.41666667,0.625,0.171152012,-0.999600436,0.967445755,0,0,-1,0,0,0,1,4,2,0
2004,6B,11,79.76,42,0.625,0.16654874,-0.999591465,1.454978352,0,0,-1,0,0,0,1,4,3,0
2004,6B,12,82.745,40.83333333,0.5,0.171031291,-1.000819751,1.381779196,0,0,-1,0,0,0,1,4,4,0
2004,6B,8,71.765,48.08333333,0.5,0.422333025,-1.990175399,2.767140281,0,0,-2,-2,0,0,2,5,1,0
2004,6B,9,74.195,45.41666667,0.5,0.297702485,-1.99994259,2.790613542,0,0,-2,0,0,0,2,5,2,0
2004,6B,10,76.805,43.83333333,0.625,0.238711786,-1.999392747,3.158429868,0,0,-2,0,0,0,2,5,3,0
2004,6B,11,79.235,43.58333333,0.625,0.241636209,-2.002136865,3.280615613,0,0,-2,0,0,0,2,5,4,0
2004,6B,12,81.215,40.5,0.5,0.254410465,-2.002316173,2.872063146,0,0,-2,0,0,0,2,5,5,0
2004,6B,7,70.31,43.5,0.375,0.320405702,-1.777892834,2.200008303,0,0,-2,0,0,0,2,7,2,0
2004,6B,8,74.27,38.08333333,0.5,0.291641664,-1.997569193,2.525239912,0,0,-2,0,0,0,2,7,3,0
2004,6B,9,77.18,29.58333333,0.5,0.276716192,-2.00034336,2.580206858,0,0,-2,0,0,0,2,7,4,0
2004,6B,10,71.045,32,0.625,0.24747361,-2.000877258,1.286507446,0,0,-2,0,0,0,2,7,5,0
2004,6B,8,74.27,27.66666667,0.5,0.420984524,-3.980470265,4.456726745,0,0,-4,0,0,0,4,7,3,0
2004,6B,9,78.335,21.33333333,0.5,0.303690731,-3.999059831,5.768494061,0,0,-4,0,0,0,4,7,4,0
2004,6B,10,81.74,17.41666667,0.625,0.350473503,-4.000523541,5.684093167,0,0,-4,0,0,0,4,7,5,0
2004,6B,11,84.095,15.83333333,0.625,0.348097721,-4.000195197,4.360267667,0,0,-4,0,0,0,4,7,6,0
2004,6B,12,86.18,13.83333333,0.5,0.341204885,-3.999816849,3.601016346,0,0,-4,0,0,0,4,7,7,0
2004,6B,8,72.29,36.16666667,0.5,0.334707067,-1.996224539,1.953754532,0,0,-2,0,0,0,2,6,2,0
2004,6B,9,75.095,34.08333333,0.5,0.244450887,-1.999463666,1.964824084,0,0,-2,0,0,0,2,6,3,0
2004,6B,10,78.335,30.25,0.625,0.234673061,-1.998897326,2.959014158,0,0,-2,0,0,0,2,6,4,0
2004,6B,11,81.215,27.83333333,0.625,0.229647049,-1.999801349,2.902657724,0,0,-2,0,0,0,2,6,5,0
2004,6B,12,84.35,26.41666667,0.5,0.229035189,-1.999735474,2.694720702,0,0,-2,0,0,0,2,6,6,0
2004,6B,6,71.765,48.41666667,0.125,0.641870594,-3.903983481,4.837627278,0,0,-4,-4,0,0,4,7,1,0
2004,6B,7,75.35,45.08333333,0.375,0.404058262,-3.999416802,5.120669887,0,0,-4,0,0,0,4,7,2,0
2004,6B,8,79.94,36.58333333,0.5,0.360757017,-4.001194699,6.472474455,0,0,-4,0,0,0,4,7,3,0
2004,6B,9,83.195,30.25,0.5,0.358154302,-4.001465022,5.993453394,0,0,-4,0,0,0,4,7,4,0
2004,6B,10,85.805,25.5,0.625,0.351230079,-4.000662117,5.176222188,0,0,-4,0,0,0,4,7,5,0
2004,6B,11,88.76,21.83333333,0.625,0.344776136,-3.999547608,4.76169487,0,0,-4,0,0,0,4,7,6,0
2004,6B,12,90.59,20.41666667,0.5,0.336607426,-3.999355588,4.628861188,0,0,-4,0,0,0,4,7,7,0
2004,6B,6,75.35,41.08333333,0.125,0.30979071,-1.992108151,2.722944094,0,0,-2,-2,0,0,2,7,1,0
2004,6B,7,81.095,34.33333333,0.375,0.236182896,-2.000005049,2.689301,0,0,-2,0,0,0,2,7,2,0
2004,6B,8,86.96,28.08333333,0.5,0.234696774,-1.999910969,2.621299621,0,0,-2,0,0,0,2,7,3,0
2004,6B,9,90.74,20.16666667,0.5,0.233646771,-1.999580025,2.513075147,0,0,-2,0,0,0,2,7,4,0
2004,6B,10,93.725,14.83333333,0.625,0.233544569,-1.999525797,2.221249303,0,0,-2,0,0,0,2,7,5,0
2004,6B,11,96.155,14,0.625,0.233298,-1.999577621,2.010818796,0,0,-2,0,0,0,2,7,6,0
2004,6B,12,97.61,13.41666667,0.5,0.230953075,-1.999578147,1.927688464,0,0,-2,0,0,0,2,7,7,0
2004,6B,6,71.765,60.75,0.125,0.376797035,-1.999864616,3.650374271,0,0,-2,0,0,0,2,8,2,0
2004,6B,7,74.72,54.08333333,0.375,0.277041875,-1.999776268,3.841831044,0,0,-2,0,0,0,2,8,3,0
2004,6B,8,77.18,49.66666667,0.5,0.293340296,-2.002863528,3.149168951,0,0,-2,0,0,0,2,8,4,0
2004,6B,9,79.76,44.5,0.5,0.278779994,-2.002321215,2.073213045,0,0,-2,0,0,0,2,8,5,0
2004,6B,10,83.27,40.83333333,0.625,0.280760744,-2.002079753,0.617325054,0,0,-2,0,0,0,2,8,6,0
2004,6B,11,86.705,33.58333333,0.625,0.266657188,-1.999596314,-0.047780312,0,0,-2,0,0,0,2,8,7,0
2004,6B,12,86.195,30.16666667,0.5,0.232380692,-2.000830645,0.656032541,0,0,-2,0,0,0,2,8,8,0
2004,6B,12,80.06,25.58333333,0.5,0.207455183,-0.9864218,1.21482419,0,0,-1,-1,0,0,2,1,1,0
2004,6B,7,71.39,31.33333333,0.375,0.240045513,-0.954256167,0.941765745,0,0,-1,-1,0,0,1,6,1,0
2004,6B,8,73.565,25.66666667,0.5,0.214376275,-1.000219441,0.662401212,0,0,-1,0,0,0,1,6,2,0
2004,6B,9,75.725,22.83333333,0.5,0.181855826,-0.999833844,0.700146867,0,0,-1,0,0,0,1,6,3,0
2004,6B,10,76.37,22,0.625,0.158619013,-0.999610515,1.035797953,0,0,-1,0,0,0,1,6,4,0
2004,6B,11,77.18,20.83333333,0.625,0.158726775,-0.999814324,1.047502526,0,0,-1,0,0,0,1,6,5,0
2004,6B,12,79.235,20,0.5,0.157173501,-0.999504747,1.290387752,0,0,-1,0,0,0,1,6,6,0
2004,6B,8,82.85,21.5,0.5,0.535937432,-3.847457211,4.583805205,0,0,-4,-4,0,0,4,5,1,0
2004,6B,9,85.88,16.66666667,0.5,0.426103258,-4.000198355,3.941312581,0,0,-4,0,0,0,4,5,2,0
2004,6B,10,87.605,15.58333333,0.625,0.397577576,-3.999717626,3.425843825,0,0,-4,0,0,0,4,5,3,0
2004,6B,11,89.135,14.83333333,0.625,0.380115911,-3.999467271,3.196348562,0,0,-4,0,0,0,4,5,4,0
2004,6B,12,90.59,13.41666667,0.5,0.365918771,-3.999465859,3.059107599,0,0,-4,0,0,0,4,5,5,0
2004,6B,11,71.765,33.25,0.625,0.526476575,-3.994785106,4.093655455,0,0,-4,0,0,0,4,3,2,0
2004,6B,12,74.195,29.66666667,0.5,0.40313657,-3.999220068,4.931694034,0,0,-4,0,0,0,4,3,3,0
2004,6B,8,76.88,29.5,0.5,0.468831717,-3.899924198,5.505799088,0,0,-4,-4,0,0,4,5,1,0
2004,6B,9,81.29,24.08333333,0.5,0.376950279,-4.000255959,5.697219784,0,0,-4,0,0,0,4,5,2,0
2004,6B,10,84.095,17.91666667,0.625,0.365368831,-4.000057195,4.536759484,0,0,-4,0,0,0,4,5,3,0
2004,6B,11,85.55,14.41666667,0.625,0.354267182,-3.999843212,3.627956999,0,0,-4,0,0,0,4,5,4,0
2004,6B,12,87.155,12.83333333,0.5,0.34452447,-3.999681631,3.139625687,0,0,-4,0,0,0,4,5,5,0
2004,6B,6,75.53,28.66666667,0.125,0.207833724,-0.987022538,0.747935732,0,0,-1,-1,0,0,1,7,1,0
2004,6B,7,80.39,25.25,0.375,0.166528129,-0.999904361,0.761291629,0,0,-1,0,0,0,1,7,2,0
2004,6B,8,84.98,21.66666667,0.5,0.169450867,-0.999789816,0.779186916,0,0,-1,0,0,0,1,7,3,0
2004,6B,9,87.08,18.83333333,0.5,0.168464538,-0.999756549,0.800173028,0,0,-1,0,0,0,1,7,4,0
2004,6B,10,89.39,17.41666667,0.625,0.168979371,-0.999713122,0.790005736,0,0,-1,0,0,0,1,7,5,0
2004,6B,11,91.04,15.83333333,0.625,0.16883017,-0.99966323,0.787778537,0,0,-1,0,0,0,1,7,6,0
2004,6B,12,91.04,16.16666667,0.5,0.166511406,-0.999716308,0.800309432,0,0,-1,0,0,0,1,7,7,0
2004,6B,7,79.115,27.5,0.375,0.209478141,-0.986826535,1.020893663,0,0,-1,-1,0,0,1,6,1,0
2004,6B,8,84.98,21.5,0.5,0.187239079,-0.99984591,0.970600896,0,0,-1,0,0,0,1,6,2,0
2004,6B,9,88.235,16.66666667,0.5,0.184064245,-0.999787221,0.912296507,0,0,-1,0,0,0,1,6,3,0
2004,6B,10,89.06,15,0.625,0.180578847,-0.99974614,0.833466854,0,0,-1,0,0,0,1,6,4,0
2004,6B,11,89.585,12.66666667,0.625,0.177244608,-0.99969597,0.76657044,0,0,-1,0,0,0,1,6,5,0
2004,6B,12,90.59,11,0.5,0.174397301,-0.999742632,0.710670336,0,0,-1,0,0,0,1,6,6,0
2004,6B,9,71.765,38.66666667,0.5,0.31052018,-1.971963473,2.166683082,0,0,-2,0,0,0,2,5,2,0
2004,6B,10,74.195,34.08333333,0.625,0.299099913,-1.999575341,2.139223477,0,0,-2,0,0,0,2,5,3,0
2004,6B,11,76.175,31.41666667,0.625,0.212666761,-1.999520239,2.720157383,0,0,-2,0,0,0,2,5,4,0
2004,6B,12,77.63,31,0.5,0.206948386,-1.999327337,2.992655107,0,0,-2,0,0,0,2,5,5,0
2004,6B,10,72.29,36.91666667,0.625,0.506611427,-3.99104838,4.844213206,0,0,-4,0,0,0,4,6,4,0
2004,6B,11,76.88,31.08333333,0.625,0.352177999,-3.998285355,6.214235547,0,0,-4,0,0,0,4,6,5,0
2004,6B,12,81.29,26.66666667,0.5,0.341440778,-3.999781219,6.285100201,0,0,-4,0,0,0,4,6,6,0
2004,6B,8,74.27,34.08333333,0.5,0.181296524,-0.996875271,1.067962288,0,0,-1,0,0,0,1,7,3,0
2004,6B,9,78.335,29.08333333,0.5,0.15290338,-0.999514199,1.435137718,0,0,-1,0,0,0,1,7,4,0
2004,6B,10,82.895,24.08333333,0.625,0.156126887,-1.0001267,1.391238037,0,0,-1,0,0,0,1,7,5,0
2004,6B,11,85.55,19.66666667,0.625,0.157501988,-0.999703942,1.09027382,0,0,-1,0,0,0,1,7,6,0
2004,6B,12,86.63,17.41666667,0.5,0.157151542,-0.999734973,0.979928595,0,0,-1,0,0,0,1,7,7,0
2004,6B,10,72.215,25.08333333,0.625,0.516563263,-2.967435411,2.433266576,0,0,-3,-3,0,0,4,3,1,0
2004,6B,11,73.565,23,0.625,0.385325546,-2.999754883,2.422199999,0,0,-3,0,0,0,4,3,2,0
2004,6B,12,74.57,23.58333333,0.5,0.316550222,-2.999796445,2.554601234,0,0,-3,0,0,0,4,3,3,0
2004,6B,11,72.29,33.08333333,0.625,0.420211799,-2.999741344,3.015157394,0,0,-3,0,0,0,3,8,7,0
2004,6B,12,74.57,30.41666667,0.5,0.327719915,-2.99963799,3.347897962,0,0,-3,0,0,0,3,8,8,0
2004,6B,8,72.29,37.25,0.5,0.412596979,-2.997519393,3.308758397,0,0,-3,0,0,0,3,8,4,0
2004,6B,9,75.095,34.25,0.5,0.296652847,-2.999136883,3.77026021,0,0,-3,0,0,0,3,8,5,0
2004,6B,10,75.92,37.08333333,0.625,0.277308898,-2.999426325,4.496958318,0,0,-3,0,0,0,3,8,6,0
2004,6B,11,77.705,34.16666667,0.625,0.253981531,-2.999152447,4.306154203,0,0,-3,0,0,0,3,8,7,0
2004,6B,12,77.825,29.41666667,0.5,0.207824995,-2.99839473,5.88743302,0,0,-3,0,0,0,3,8,8,0
2004,6B,9,73.895,37.5,0.5,0.430021286,-3.964653348,5.433899597,0,0,-4,0,0,0,4,6,3,0
2004,6B,10,77.705,32.08333333,0.625,0.352021532,-3.999105859,5.952547785,0,0,-4,0,0,0,4,6,4,0
2004,6B,11,78.98,28.83333333,0.625,0.282934777,-3.997986908,6.765645096,0,0,-4,0,0,0,4,6,5,0
2004,6B,12,79.61,26.83333333,0.5,0.329722533,-4.000294587,6.688841507,0,0,-4,0,0,0,4,6,6,0
