"Vintage","Climate.zone","Hour.number","Outdoor.Temp.F.","Outdoor.Humid.","Occ.Fraction.","Demand.Power.Diff.sf.","Indoor.Temp.Diff.F.","Indoor.Humid.Diff.","Lighting.Power.Diff.pct.","MELs.Diff.pct.","Cooling.Setpoint.Diff.","Cooling.Setpoint.Diff.One.Step.","Since.DR.Started.","Since.DR.Ended.","Pre.cooling.Temp.Decrease.","Pre.cooling.Duration.","Since.Pre.cooling.Started.","Since.Pre.cooling.Ended."
"Post-1980","2A",11,84.515,62,0.70539615,-0.179501841,-0.980937148,0.560642641,0,0,-1,-1,0,0,1,4,1,0
"Post-1980","2A",12,87.2375,54.625,0.551890925,-0.144207687,-0.999967018,0.352114855,0,0,-1,0,0,0,1,4,2,0
"Post-1980","2A",13,89.2175,47.625,0.473977325,-0.128446228,-0.999854862,0.523238169,0,0,-1,0,0,0,1,4,3,0
"Post-1980","2A",14,89.96,47.5,0.68361905,-0.136363471,-1.000104673,0.589778529,0,0,-1,0,0,0,1,4,4,0
"Post-1980","2A",9,78.5075,71.625,0.483188975,-0.37597595,-1.952012416,1.366225376,0,0,-2,-2,0,0,2,6,1,0
"Post-1980","2A",10,82.535,61.5,0.711574225,-0.311478823,-1.999539834,0.800190307,0,0,-2,0,0,0,2,6,2,0
"Post-1980","2A",11,83.345,59.5,0.696448375,-0.292539797,-2.000081457,1.038757687,0,0,-2,0,0,0,2,6,3,0
"Post-1980","2A",12,85.5275,52.875,0.54540925,-0.265740761,-1.999819446,1.237332954,0,0,-2,0,0,0,2,6,4,0
"Post-1980","2A",13,87.6425,44.875,0.486360975,-0.236209636,-1.99992606,1.501436745,0,0,-2,0,0,0,2,6,5,0
"Post-1980","2A",14,87.98,47.375,0.682266225,-0.263058853,-1.999851224,1.504895761,0,0,-2,0,0,0,2,6,6,0
"Post-1980","2A",8,78.5075,75.125,0.000490195,-0.040456213,-0.537263665,-2.740514495,0,0,-1,0,0,0,1,8,2,0
"Post-1980","2A",9,81.2975,66,0.48867106,-0.097652802,-0.968405912,-0.747234684,0,0,-1,0,0,0,1,8,3,0
"Post-1980","2A",10,82.6025,60.5,0.7193621,-0.10638055,-0.999777124,0.332248963,0,0,-1,0,0,0,1,8,4,0
"Post-1980","2A",11,85.5275,50.875,0.674431075,-0.106612056,-0.999801179,0.579165196,0,0,-1,0,0,0,1,8,5,0
"Post-1980","2A",12,87.6425,44.125,0.563449175,-0.099922202,-0.999809335,0.71725527,0,0,-1,0,0,0,1,8,6,0
"Post-1980","2A",13,89.2175,41.75,0.477368525,-0.092915801,-0.999853394,0.835070131,0,0,-1,0,0,0,1,8,7,0
"Post-1980","2A",14,90.635,41.625,0.670844925,-0.102661554,-0.999936253,0.856659171,0,0,-1,0,0,0,1,8,8,0
"Post-1980","2A",11,86.27,54,0.692675175,-0.775740478,-2.777809984,2.091203459,0,0,-3,-3,0,0,3,4,1,0
"Post-1980","2A",12,87.6425,50.375,0.5453405,-0.545797473,-2.999860599,1.592920093,0,0,-3,0,0,0,3,4,2,0
"Post-1980","2A",13,89.2175,46.875,0.473184975,-0.475095617,-2.999870292,1.992769048,0,0,-3,0,0,0,3,4,3,0
"Post-1980","2A",14,89.3975,43.125,0.69830185,-0.481855911,-2.999453896,2.061261974,0,0,-3,0,0,0,3,4,4,0
"Post-1980","2A",10,82.8725,66.375,0.710310725,-0.381272796,-1.943625048,1.197502295,0,0,-2,-2,0,0,2,5,1,0
"Post-1980","2A",11,85.2575,58,0.708536725,-0.296285075,-1.999815106,0.982023394,0,0,-2,0,0,0,2,5,2,0
"Post-1980","2A",12,86.675,55,0.555975325,-0.260598015,-1.99959758,1.267632544,0,0,-2,0,0,0,2,5,3,0
"Post-1980","2A",13,88.3175,50.625,0.4868955,-0.240283247,-1.999988251,1.490759903,0,0,-2,0,0,0,2,5,4,0
"Post-1980","2A",14,90.2975,46.125,0.6991111,-0.267557271,-1.99966887,1.487466929,0,0,-2,0,0,0,2,5,5,0
"Post-1980","2A",13,86.675,44.25,0.479071675,-0.431991609,-1.930915603,1.730694526,0,0,-2,-2,0,0,2,2,1,0
"Post-1980","2A",14,88.3175,41.375,0.693566025,-0.3366406,-1.999962248,1.349411932,0,0,-2,0,0,0,2,2,2,0
"Post-1980","2A",11,84.1775,64.5,0.68509105,-1.018220403,-3.13962346,2.089253219,0,0,-4,-4,0,0,4,4,1,0
"Post-1980","2A",12,86.27,60.5,0.5513793,-0.882350369,-3.832653859,1.807690136,0,0,-4,0,0,0,4,4,2,0
"Post-1980","2A",13,87.6425,52.125,0.483387475,-0.766398179,-3.947174626,2.231869286,0,0,-4,0,0,0,4,4,3,0
"Post-1980","2A",14,88.655,46.125,0.673112775,-0.753251789,-3.916114156,2.315637799,0,0,-4,0,0,0,4,4,4,0
"Post-1980","2A",8,80.8925,74.625,0.00152065,-0.106751175,-0.607215036,4.198910948,0,0,-1,-1,0,0,1,7,1,0
"Post-1980","2A",9,83.2775,70.75,0.46615425,-0.137128791,-0.98450908,1.846560434,0,0,-1,0,0,0,1,7,2,0
"Post-1980","2A",10,86.495,65.625,0.695394075,-0.12489186,-1.000218066,0.954365321,0,0,-1,0,0,0,1,7,3,0
"Post-1980","2A",11,87.4175,59.25,0.680956025,-0.108085599,-0.999832405,0.669653743,0,0,-1,0,0,0,1,7,4,0
"Post-1980","2A",12,88.88,49.5,0.552040075,-0.104016658,-0.999794106,0.736479828,0,0,-1,0,0,0,1,7,5,0
"Post-1980","2A",13,91.1975,45.625,0.475503275,-0.099222888,-0.9998359,0.877671794,0,0,-1,0,0,0,1,7,6,0
"Post-1980","2A",14,90.7025,46.625,0.679191675,-0.109214741,-0.999863936,0.858508728,0,0,-1,0,0,0,1,7,7,0
"Post-1980","2A",10,84.1775,64.5,0.69908505,-0.808553468,-2.801786722,1.814694128,0,0,-3,-3,0,0,3,5,1,0
"Post-1980","2A",11,85.595,59.25,0.68368045,-0.583366709,-2.999353584,1.190366345,0,0,-3,0,0,0,3,5,2,0
"Post-1980","2A",12,87.9125,53.875,0.534785875,-0.510901655,-2.999830047,1.586793554,0,0,-3,0,0,0,3,5,3,0
"Post-1980","2A",13,89.06,52,0.4820712,-0.468723678,-2.999761005,1.948689716,0,0,-3,0,0,0,3,5,4,0
"Post-1980","2A",14,90.2975,48.875,0.68902675,-0.507005469,-2.999524528,1.958104608,0,0,-3,0,0,0,3,5,5,0
"Post-1980","2A",14,88.565,62,0.696488875,-0.553413978,-1.915205962,1.317881348,0,0,-2,-2,0,0,2,1,1,0
"Post-1980","2A",12,88.3175,57.875,0.54990625,-0.872853168,-2.65470095,1.961405769,0,0,-3,-3,0,0,3,3,1,0
"Post-1980","2A",13,89.6225,53.5,0.4996061,-0.610542568,-2.998311264,1.590781717,0,0,-3,0,0,0,3,3,2,0
"Post-1980","2A",14,90.635,50.75,0.698345875,-0.610359639,-2.99248427,1.466274911,0,0,-3,0,0,0,3,3,3,0
"Post-1980","2A",12,87.2375,51.375,0.550177625,-0.167058348,-0.979947973,0.770154848,0,0,-1,-1,0,0,1,3,1,0
"Post-1980","2A",13,87.98,49.25,0.483842425,-0.126745455,-0.999841239,0.632257948,0,0,-1,0,0,0,1,3,2,0
"Post-1980","2A",14,89.2175,48.125,0.691383425,-0.131939283,-0.99983843,0.633677583,0,0,-1,0,0,0,1,3,3,0
"Post-1980","2A",13,81.365,68.875,0.4957281,-0.795545278,-2.785776535,2.019208583,0,0,-3,-3,0,0,3,2,1,0
"Post-1980","2A",14,80.3975,65.125,0.6823573,-0.575875834,-3.000185115,1.408250261,0,0,-3,0,0,0,3,2,2,0
"Post-1980","2A",10,80.6225,67,0.70824345,-0.36037644,-1.958177016,1.642293161,0,0,-2,-2,0,0,2,5,1,0
"Post-1980","2A",11,82.1975,59.5,0.697166775,-0.259461768,-2.000176626,0.953190806,0,0,-2,0,0,0,2,5,2,0
"Post-1980","2A",12,84.8525,52.5,0.551727975,-0.233504672,-1.999590254,1.122534779,0,0,-2,0,0,0,2,5,3,0
"Post-1980","2A",13,87.2375,46,0.462365775,-0.213565689,-1.999909446,1.387708285,0,0,-2,0,0,0,2,5,4,0
"Post-1980","2A",14,86.0675,44.875,0.685323525,-0.221680669,-1.99991809,1.468693944,0,0,-2,0,0,0,2,5,5,0
"Post-1980","2A",14,88.7225,48.75,0.6684787,-0.17199626,-0.980636366,0.734272627,0,0,-1,-1,0,0,1,1,1,0
"Post-1980","2A",10,85.595,58.125,0.7038802,-0.877447904,-2.553905325,1.688417956,0,0,-3,-3,0,0,3,5,1,0
"Post-1980","2A",11,87.2375,46,0.7131821,-0.642712555,-2.97570561,1.222821011,0,0,-3,0,0,0,3,5,2,0
"Post-1980","2A",12,89.8925,37.375,0.556554825,-0.558391816,-2.995483989,1.661627868,0,0,-3,0,0,0,3,5,3,0
"Post-1980","2A",13,91.04,35.25,0.49135105,-0.477998558,-2.99990491,2.018888854,0,0,-3,0,0,0,3,5,4,0
"Post-1980","2A",14,92.2775,34.125,0.69025805,-0.528854301,-2.99279888,2.050182314,0,0,-3,0,0,0,3,5,5,0
"Post-1980","2A",14,93.8525,41.5,0.699712875,-0.5566157,-1.900952639,1.426596235,0,0,-2,-2,0,0,2,1,1,0
"Post-1980","2A",9,84.1775,73.875,0.481812138,-0.289694091,-1.999444023,0.766437355,0,0,-2,0,0,0,2,8,3,0
"Post-1980","2A",10,86.27,66.375,0.7174069,-0.295088013,-2.000073142,0.986606365,0,0,-2,0,0,0,2,8,4,0
"Post-1980","2A",11,88.3175,59.25,0.673542925,-0.277764271,-1.999961858,1.172565211,0,0,-2,0,0,0,2,8,5,0
"Post-1980","2A",12,89.06,56.375,0.53930515,-0.252599658,-1.999617441,1.336261949,0,0,-2,0,0,0,2,8,6,0
"Post-1980","2A",13,86.4725,63.5,0.480214025,-0.224405868,-1.999806054,1.611351413,0,0,-2,0,0,0,2,8,7,0
"Post-1980","2A",14,86.27,62.375,0.684866375,-0.242037475,-1.99971921,1.595154751,0,0,-2,0,0,0,2,8,8,0
"Post-1980","2A",11,87.2375,60,0.6800944,-0.225383551,-0.979622321,0.525068698,0,0,-1,-1,0,0,1,4,1,0
"Post-1980","2A",12,88.655,55.125,0.533187925,-0.151392736,-0.999963094,0.3185552,0,0,-1,0,0,0,1,4,2,0
"Post-1980","2A",13,90.2975,52.75,0.482587875,-0.128618058,-0.99992011,0.440209332,0,0,-1,0,0,0,1,4,3,0
"Post-1980","2A",14,91.6025,51.375,0.6815978,-0.141549913,-0.999891334,0.539209124,0,0,-1,0,0,0,1,4,4,0
"Post-1980","2A",13,89.6225,58.375,0.469993325,-0.500227614,-1.923688608,1.144625889,0,0,-2,-2,0,0,2,2,1,0
"Post-1980","2A",14,89.96,56.75,0.667094125,-0.390436526,-2.000108729,0.7823746,0,0,-2,0,0,0,2,2,2,0
"Post-1980","2A",9,80.2175,83.125,0.48362692,-0.253951776,-1.91064082,0.994555916,0,0,-2,0,0,0,2,7,2,0
"Post-1980","2A",10,82.8725,74.5,0.710571425,-0.250123121,-1.999574688,0.910407537,0,0,-2,0,0,0,2,7,3,0
"Post-1980","2A",11,85.9325,61.875,0.693734675,-0.24694067,-1.999636437,1.019229518,0,0,-2,0,0,0,2,7,4,0
"Post-1980","2A",12,87.6425,55.75,0.55371235,-0.243966685,-2.000055933,1.099615399,0,0,-2,0,0,0,2,7,5,0
"Post-1980","2A",13,88.655,55.625,0.471261875,-0.22715579,-1.999850199,1.306587377,0,0,-2,0,0,0,2,7,6,0
"Post-1980","2A",14,89.06,54.75,0.69553165,-0.249036737,-2.000020615,1.448856911,0,0,-2,0,0,0,2,7,7,0
"Post-1980","2A",9,86.27,66.875,0.494261585,-0.923370139,-3.82674578,1.790494721,0,0,-4,0,0,0,4,7,2,0
"Post-1980","2A",10,87.6425,61.25,0.70709455,-0.875372858,-3.75466824,1.296641392,0,0,-4,0,0,0,4,7,3,0
"Post-1980","2A",11,88.655,55.875,0.7002202,-0.818237373,-3.779864487,1.69774864,0,0,-4,0,0,0,4,7,4,0
"Post-1980","2A",12,90.2975,55.25,0.566066,-0.763755876,-3.846668223,2.073318609,0,0,-4,0,0,0,4,7,5,0
"Post-1980","2A",13,91.04,58.5,0.472876125,-0.698654704,-3.9117835,2.502266926,0,0,-4,0,0,0,4,7,6,0
"Post-1980","2A",14,92.2775,57.5,0.674908325,-0.667073267,-3.775206738,2.66900372,0,0,-4,0,0,0,4,7,7,0
"Post-1980","2A",11,88.3175,64.875,0.684188875,-0.790838224,-2.229565529,2.892620855,0,0,-4,-4,0,0,4,4,1,0
"Post-1980","2A",12,89.6225,63.625,0.55063755,-0.750116383,-2.852761066,3.28623744,0,0,-4,0,0,0,4,4,2,0
"Post-1980","2A",13,89.96,64,0.464601275,-0.733258422,-3.116693569,3.830601067,0,0,-4,0,0,0,4,4,3,0
"Post-1980","2A",14,89.3975,64.625,0.6840976,-0.68749361,-3.006631274,3.548180386,0,0,-4,0,0,0,4,4,4,0
"Post-1980","2A",9,77,90,0.487058735,-0.391728537,-1.811281585,1.28540804,0,0,-2,-2,0,0,2,6,1,0
"Post-1980","2A",10,75.7625,90,0.69687455,-0.298343955,-1.972749653,0.740144319,0,0,-2,0,0,0,2,6,2,0
"Post-1980","2A",11,73.7825,93.75,0.72256415,-0.259144955,-1.98403735,0.712052305,0,0,-2,0,0,0,2,6,3,0
"Post-1980","2A",12,73.6025,92.875,0.556325675,-0.242879433,-1.980274454,0.878594545,0,0,-2,0,0,0,2,6,4,0
"Post-1980","2A",13,73.94,91,0.48513255,-0.188205372,-1.916971058,0.970565859,0,0,-2,0,0,0,2,6,5,0
"Post-1980","2A",14,73.94,91,0.68665,-0.208650679,-1.957486982,1.260290313,0,0,-2,0,0,0,2,6,6,0
"Post-1980","2A",9,75.02,89.5,0.479962053,-0.69592173,-3.697222992,1.991572805,0,0,-4,0,0,0,4,7,2,0
"Post-1980","2A",10,76.2575,91.5,0.69689695,-0.710362528,-3.966869378,1.669091009,0,0,-4,0,0,0,4,7,3,0
"Post-1980","2A",11,77.675,88.125,0.700667025,-0.650681528,-3.997831295,1.813278988,0,0,-4,0,0,0,4,7,4,0
"Post-1980","2A",12,80.555,83.875,0.549659025,-0.586440898,-3.979820279,2.115305397,0,0,-4,0,0,0,4,7,5,0
"Post-1980","2A",13,81.365,85.75,0.4872678,-0.484071141,-3.935320926,2.412881796,0,0,-4,0,0,0,4,7,6,0
"Post-1980","2A",14,79.16,91.125,0.67259075,-0.517228964,-3.96354051,2.397276826,0,0,-4,0,0,0,4,7,7,0
"Post-1980","2A",9,83.84,74.625,0.489646708,-0.290358809,-1.957716462,1.345203444,0,0,-2,0,0,0,2,7,2,0
"Post-1980","2A",10,86.8325,63.875,0.70950875,-0.268620837,-1.999594147,1.014010686,0,0,-2,0,0,0,2,7,3,0
"Post-1980","2A",11,89.2175,58.375,0.701167225,-0.258569989,-1.999841142,1.085936577,0,0,-2,0,0,0,2,7,4,0
"Post-1980","2A",12,90.635,55.5,0.518466225,-0.236775391,-1.999867049,1.213331206,0,0,-2,0,0,0,2,7,5,0
"Post-1980","2A",13,91.6025,50.875,0.465005475,-0.213618259,-1.994420789,1.429945987,0,0,-2,0,0,0,2,7,6,0
"Post-1980","2A",14,92.615,47.75,0.683145675,-0.239205513,-2.000111584,1.474045321,0,0,-2,0,0,0,2,7,7,0
"Post-1980","2A",8,83.84,77.625,0.000490195,-0.247511306,-1.835548736,-0.304015671,0,0,-2,0,0,0,2,8,2,0
"Post-1980","2A",9,86.8325,71.875,0.48016529,-0.380884658,-1.996011525,0.497328342,0,0,-2,0,0,0,2,8,3,0
"Post-1980","2A",10,87.98,68.75,0.6926857,-0.382950077,-2.000057724,0.679409167,0,0,-2,0,0,0,2,8,4,0
"Post-1980","2A",11,89.2175,62.375,0.707405775,-0.353679527,-1.999655923,0.848322657,0,0,-2,0,0,0,2,8,5,0
"Post-1980","2A",12,91.8725,50.875,0.562746725,-0.302906805,-1.999541798,1.073749188,0,0,-2,0,0,0,2,8,6,0
"Post-1980","2A",13,93.02,47.875,0.4827178,-0.271103419,-1.999654862,1.420948681,0,0,-2,0,0,0,2,8,7,0
"Post-1980","2A",14,93.5825,48.375,0.662956275,-0.30118862,-1.999801222,1.406448058,0,0,-2,0,0,0,2,8,8,0
"Post-1980","2A",14,87.395,59.625,0.670293725,-0.232357417,-0.978697297,0.623149945,0,0,-1,-1,0,0,1,1,1,0
"Post-1980","2A",9,83.84,80,0.476641008,-0.234231621,-0.983347571,0.631057612,0,0,-1,-1,0,0,1,6,1,0
"Post-1980","2A",10,86.8325,72.625,0.7035251,-0.182442257,-0.999826741,0.286575047,0,0,-1,0,0,0,1,6,2,0
"Post-1980","2A",11,89.2175,65,0.687330625,-0.166804946,-0.999783035,0.302770446,0,0,-1,0,0,0,1,6,3,0
"Post-1980","2A",12,91.1975,58.25,0.543771175,-0.15042454,-0.999952073,0.407936031,0,0,-1,0,0,0,1,6,4,0
"Post-1980","2A",13,92.615,54.75,0.478861925,-0.132896412,-0.999859983,0.540421324,0,0,-1,0,0,0,1,6,5,0
"Post-1980","2A",14,94.2575,50.875,0.699744875,-0.15250657,-1.000064049,0.577742598,0,0,-1,0,0,0,1,6,6,0
"Post-1980","2A",14,88.655,59,0.688671175,-0.848822838,-2.054517932,1.653515887,0,0,-4,-4,0,0,4,1,1,0
"Post-1980","2A",12,89.96,56.375,0.545411025,-0.847236942,-2.11804202,2.125139832,0,0,-4,-4,0,0,4,3,1,0
"Post-1980","2A",13,91.1975,52.25,0.476945975,-0.906197876,-2.998646004,1.988533501,0,0,-4,0,0,0,4,3,2,0
"Post-1980","2A",14,92.5025,51.25,0.674801825,-0.809677927,-3.08585748,1.230040181,0,0,-4,0,0,0,4,3,3,0
"Post-1980","2A",13,89.96,56,0.4893302,-0.879447019,-2.387663498,2.496892332,0,0,-4,-4,0,0,4,2,1,0
"Post-1980","2A",14,89.285,57.25,0.68858085,-0.851692143,-2.935273251,1.656286556,0,0,-4,0,0,0,4,2,2,0
"Post-1980","2A",9,81.275,84,0.485443683,-0.132406149,-0.865396029,0.751258356,0,0,-1,0,0,0,1,7,2,0
"Post-1980","2A",10,83.975,78.375,0.695822075,-0.110688202,-0.885221893,0.427292944,0,0,-1,0,0,0,1,7,3,0
"Post-1980","2A",11,86,75,0.711573825,-0.119539277,-0.910291478,0.454083656,0,0,-1,0,0,0,1,7,4,0
"Post-1980","2A",12,87.125,69.375,0.561588775,-0.110613091,-0.930500159,0.499601158,0,0,-1,0,0,0,1,7,5,0
"Post-1980","2A",13,87.8,71.625,0.47172385,-0.107940537,-0.90381982,0.602327768,0,0,-1,0,0,0,1,7,6,0
"Post-1980","2A",14,79.925,83.75,0.69849235,-0.106051439,-0.938684353,0.641399401,0,0,-1,0,0,0,1,7,7,0
"Post-1980","2A",9,83.7725,74.625,0.471895935,-0.218131046,-0.968599017,0.311571607,0,0,-1,-1,0,0,1,6,1,0
"Post-1980","2A",10,85.595,72,0.711725375,-0.170821384,-1.000164953,0.070936895,0,0,-1,0,0,0,1,6,2,0
"Post-1980","2A",11,87.8,65.75,0.7105484,-0.164044489,-0.999969983,0.229740839,0,0,-1,0,0,0,1,6,3,0
"Post-1980","2A",12,90.7925,57,0.569829925,-0.149258098,-0.99974669,0.382462586,0,0,-1,0,0,0,1,6,4,0
"Post-1980","2A",13,91.265,52.125,0.483078975,-0.125591248,-0.999797317,0.547289332,0,0,-1,0,0,0,1,6,5,0
"Post-1980","2A",14,90.86,52.875,0.674388675,-0.134678465,-1.000009509,0.598953712,0,0,-1,0,0,0,1,6,6,0
"Post-1980","2A",9,81.7925,82.375,0.484472268,-0.980993749,-3.036123509,2.814985961,0,0,-4,-4,0,0,4,6,1,0
"Post-1980","2A",10,84.8525,76.5,0.68654935,-0.841554112,-3.415541916,2.255617868,0,0,-4,0,0,0,4,6,2,0
"Post-1980","2A",11,86.5625,67.5,0.700132275,-0.859422009,-3.519529847,2.182767108,0,0,-4,0,0,0,4,6,3,0
"Post-1980","2A",12,88.1375,60.5,0.566913975,-0.876375458,-3.827598811,1.656166033,0,0,-4,0,0,0,4,6,4,0
"Post-1980","2A",13,89.555,57.125,0.495133225,-0.759529366,-3.905886663,2.170165379,0,0,-4,0,0,0,4,6,5,0
"Post-1980","2A",14,91.1975,53.5,0.68493535,-0.765904075,-3.815678734,2.017408335,0,0,-4,0,0,0,4,6,6,0
"Post-1980","2A",10,86.45,65.625,0.70861605,-0.400801084,-1.801998475,1.114507127,0,0,-2,-2,0,0,2,5,1,0
"Post-1980","2A",11,88.925,58.625,0.702154,-0.28018667,-1.914849457,0.839672042,0,0,-2,0,0,0,2,5,2,0
"Post-1980","2A",12,89.6,56,0.55336815,-0.26090368,-1.935143328,1.054116174,0,0,-2,0,0,0,2,5,3,0
"Post-1980","2A",13,90.725,51.625,0.479334875,-0.259693813,-1.938557093,1.28522884,0,0,-2,0,0,0,2,5,4,0
"Post-1980","2A",14,92.525,45.875,0.69639755,-0.293032151,-1.9940925,1.323683314,0,0,-2,0,0,0,2,5,5,0
"Post-1980","2A",9,81.5225,75.875,0.484713778,-1.034324222,-2.981638287,2.691533691,0,0,-4,-4,0,0,4,6,1,0
"Post-1980","2A",10,83.7725,69.625,0.704455975,-0.934447943,-3.575149716,1.325836928,0,0,-4,0,0,0,4,6,2,0
"Post-1980","2A",11,85.595,65.75,0.70306105,-0.857546827,-3.655824013,1.223117276,0,0,-4,0,0,0,4,6,3,0
"Post-1980","2A",12,86.5625,62.5,0.56919705,-0.835421253,-3.768680348,1.579847935,0,0,-4,0,0,0,4,6,4,0
"Post-1980","2A",13,89.375,54.75,0.470469875,-0.773404989,-3.835216724,2.110060872,0,0,-4,0,0,0,4,6,5,0
"Post-1980","2A",14,91.535,51.625,0.684877125,-0.767024544,-3.69214057,1.958941064,0,0,-4,0,0,0,4,6,6,0
"Post-1980","2A",9,79.1375,82.375,0.483695753,-0.112707537,-0.964826348,1.023124886,0,0,-1,0,0,0,1,7,2,0
"Post-1980","2A",10,81.7925,75.875,0.7112297,-0.104500928,-0.999967054,0.70784012,0,0,-1,0,0,0,1,7,3,0
"Post-1980","2A",11,84.8525,68.375,0.675743775,-0.101027448,-0.999805449,0.619317637,0,0,-1,0,0,0,1,7,4,0
"Post-1980","2A",12,86.5625,61.25,0.5581129,-0.093302908,-0.999913634,0.668784437,0,0,-1,0,0,0,1,7,5,0
"Post-1980","2A",13,83.75,70.25,0.464777225,-0.079986044,-0.998967292,0.755238974,0,0,-1,0,0,0,1,7,6,0
"Post-1980","2A",14,82.535,73.875,0.689198925,-0.086444987,-0.999718955,0.832744413,0,0,-1,0,0,0,1,7,7,0
"Post-1980","2A",12,88.925,52,0.567272275,-0.826135627,-2.65666647,2.056306104,0,0,-3,-3,0,0,3,3,1,0
"Post-1980","2A",13,92.975,47,0.4874139,-0.628910237,-2.966978108,1.659948404,0,0,-3,0,0,0,3,3,2,0
"Post-1980","2A",14,92.75,51.5,0.693702125,-0.59978008,-2.978065681,1.482483942,0,0,-3,0,0,0,3,3,3,0
"Post-1980","2A",8,76.415,91,0.001036325,-0.217244782,-2.175036326,-0.852577489,0,0,-3,0,0,0,3,8,2,0
"Post-1980","2A",9,77.9,86.125,0.480563075,-0.449721465,-2.927732371,1.057568656,0,0,-3,0,0,0,3,8,3,0
"Post-1980","2A",10,79.8125,83.125,0.705048525,-0.481600081,-2.99953848,1.374801131,0,0,-3,0,0,0,3,8,4,0
"Post-1980","2A",11,82.1975,77,0.69983555,-0.479534373,-2.999480352,1.553231754,0,0,-3,0,0,0,3,8,5,0
"Post-1980","2A",12,84.1775,68.375,0.5314952,-0.44819339,-2.999875461,1.729867283,0,0,-3,0,0,0,3,8,6,0
"Post-1980","2A",13,86.1575,58.75,0.487892475,-0.417772964,-2.999158629,2.080320183,0,0,-3,0,0,0,3,8,7,0
"Post-1980","2A",14,86.9,57.5,0.659591675,-0.456985152,-2.999848735,2.162724696,0,0,-3,0,0,0,3,8,8,0
"Post-1980","2A",9,83.0975,71.5,0.470380853,-0.560509935,-2.96564056,0.830661391,0,0,-3,0,0,0,3,8,3,0
"Post-1980","2A",10,84.515,68.125,0.683195875,-0.586675049,-2.999366979,1.219186441,0,0,-3,0,0,0,3,8,4,0
"Post-1980","2A",11,86.8325,60.75,0.69887185,-0.582082587,-2.999377398,1.445276692,0,0,-3,0,0,0,3,8,5,0
"Post-1980","2A",12,87.98,57,0.555921825,-0.543338925,-2.999768463,1.614453204,0,0,-3,0,0,0,3,8,6,0
"Post-1980","2A",13,89.2175,55.125,0.48671985,-0.496226259,-2.999506463,1.986338445,0,0,-3,0,0,0,3,8,7,0
"Post-1980","2A",14,89.285,57.125,0.686737275,-0.523479409,-2.997065017,1.951714026,0,0,-3,0,0,0,3,8,8,0
"Post-1980","2A",10,83.0975,73.375,0.714226925,-0.512511463,-1.92921812,1.105479149,0,0,-2,-2,0,0,2,5,1,0
"Post-1980","2A",11,85.7525,65.625,0.686891225,-0.358629102,-2.00030649,0.563503188,0,0,-2,0,0,0,2,5,2,0
"Post-1980","2A",12,87.575,60.5,0.531350425,-0.312088136,-1.999561134,0.905154228,0,0,-2,0,0,0,2,5,3,0
"Post-1980","2A",13,88.5425,55.875,0.473410175,-0.292579754,-1.99973246,1.20746464,0,0,-2,0,0,0,2,5,4,0
"Post-1980","2A",14,88.88,54,0.694255325,-0.315444451,-2.000254711,1.248754559,0,0,-2,0,0,0,2,5,5,0
"Post-1980","2A",9,82.1975,83.125,0.4811461,-0.4556353,-2.915391944,0.657165523,0,0,-3,0,0,0,3,8,3,0
"Post-1980","2A",10,84.1775,80.75,0.7083471,-0.520503471,-2.999250582,1.205677917,0,0,-3,0,0,0,3,8,4,0
"Post-1980","2A",11,83.0075,81.25,0.7094379,-0.479444491,-3.000101742,1.33117311,0,0,-3,0,0,0,3,8,5,0
"Post-1980","2A",12,80.6225,85.75,0.571113575,-0.389952691,-2.99969277,1.622611022,0,0,-3,0,0,0,3,8,6,0
"Post-1980","2A",13,81.1175,86.125,0.4885029,-0.302936602,-2.95647804,1.977871995,0,0,-3,0,0,0,3,8,7,0
"Post-1980","2A",14,84.4475,80,0.6874063,-0.393453255,-2.993667912,1.976648281,0,0,-3,0,0,0,3,8,8,0
"Post-1980","2A",9,75.515,84.25,0.49069702,-0.388185085,-2.841293451,1.449488355,0,0,-3,0,0,0,3,8,3,0
"Post-1980","2A",10,76.595,80.125,0.700882125,-0.429608363,-2.999699319,1.456626485,0,0,-3,0,0,0,3,8,4,0
"Post-1980","2A",11,77.5625,75.875,0.689953775,-0.414574068,-2.99993179,1.599429448,0,0,-3,0,0,0,3,8,5,0
"Post-1980","2A",12,77.9,75.875,0.568090875,-0.376593343,-2.999924781,1.827603121,0,0,-3,0,0,0,3,8,6,0
"Post-1980","2A",13,79.1375,73.875,0.47413165,-0.355340155,-2.999653524,2.143756296,0,0,-3,0,0,0,3,8,7,0
"Post-1980","2A",14,79.88,72,0.679387125,-0.355604342,-2.999619732,2.21211957,0,0,-3,0,0,0,3,8,8,0
"Post-1980","2A",9,72.86,85.75,0.484064723,-0.062959344,-0.788415365,1.172449942,0,0,-1,0,0,0,1,8,3,0
"Post-1980","2A",10,74.7725,81.25,0.70201725,-0.076164263,-0.999927934,0.808387024,0,0,-1,0,0,0,1,8,4,0
"Post-1980","2A",11,76.595,79,0.7068261,-0.079106718,-0.999830456,0.739830134,0,0,-1,0,0,0,1,8,5,0
"Post-1980","2A",12,78.2375,75.875,0.5436281,-0.073049736,-0.999922907,0.767368603,0,0,-1,0,0,0,1,8,6,0
"Post-1980","2A",13,80.78,69.625,0.4801098,-0.073823581,-0.99515455,0.848883141,0,0,-1,0,0,0,1,8,7,0
"Post-1980","2A",14,80.6225,70.125,0.679236975,-0.078924163,-0.999928834,0.867770846,0,0,-1,0,0,0,1,8,8,0
"Post-1980","2A",10,78.8,68.375,0.694956925,-0.660442139,-2.846907625,2.18843285,0,0,-3,-3,0,0,3,5,1,0
"Post-1980","2A",11,80.555,63.125,0.690804575,-0.493222792,-2.999507928,1.481092914,0,0,-3,0,0,0,3,5,2,0
"Post-1980","2A",12,82.1975,57.625,0.574884975,-0.432049555,-2.999508709,1.747455869,0,0,-3,0,0,0,3,5,3,0
"Post-1980","2A",13,83.5025,52.5,0.483439875,-0.388609602,-2.999536863,2.214678689,0,0,-3,0,0,0,3,5,4,0
"Post-1980","2A",14,85.19,50.375,0.681773975,-0.428744842,-2.999649922,2.201069795,0,0,-3,0,0,0,3,5,5,0
"Post-1980","2A",9,76.19,89.625,0.489745115,-0.989991225,-3.511683857,2.189481912,0,0,-4,-4,0,0,4,6,1,0
"Post-1980","2A",10,77.5625,85.75,0.703660225,-0.775768614,-3.914187289,1.499595139,0,0,-4,0,0,0,4,6,2,0
"Post-1980","2A",11,78.575,85,0.6844803,-0.752744137,-3.966488156,1.573039235,0,0,-4,0,0,0,4,6,3,0
"Post-1980","2A",12,78.98,85,0.53221465,-0.718749103,-3.964349247,1.933269924,0,0,-4,0,0,0,4,6,4,0
"Post-1980","2A",13,80.2175,83.125,0.479570625,-0.643435918,-3.973687925,2.409285595,0,0,-4,0,0,0,4,6,5,0
"Post-1980","2A",14,80.96,80.125,0.68563815,-0.65499637,-3.99691026,2.465132408,0,0,-4,0,0,0,4,6,6,0
"Post-1980","2A",14,84.515,66.25,0.693644225,-0.466720204,-1.933134575,1.368343534,0,0,-2,-2,0,0,2,1,1,0
"Post-1980","3C",11,70.925,53,0.70539615,-0.055914235,-0.737386253,0.97379049,0,0,-1,-1,0,0,1,4,1,0
"Post-1980","3C",12,71.6,53,0.551890925,-0.036312366,-0.766828794,0.865748796,0,0,-1,0,0,0,1,4,2,0
"Post-1980","3C",13,72.725,51.125,0.473977325,-0.039863792,-0.723488912,0.791199833,0,0,-1,0,0,0,1,4,3,0
"Post-1980","3C",14,73.4,50,0.68361905,-0.068196858,-0.879844566,0.753059136,0,0,-1,0,0,0,1,4,4,0
"Post-1980","3C",12,70.9925,54.125,0.54540925,-0.134004298,-1.859973102,1.393234203,0,0,-2,0,0,0,2,6,4,0
"Post-1980","3C",13,70.475,54.875,0.486360975,-0.094287886,-1.817518799,1.469705153,0,0,-2,0,0,0,2,6,5,0
"Post-1980","3C",12,70.925,54.125,0.534785875,-0.057358215,-1.47462125,1.897377035,0,0,-3,0,0,0,3,5,3,0
"Post-1980","3C",13,71.6,55.5,0.4820712,-0.070246372,-1.457847106,1.865096496,0,0,-3,0,0,0,3,5,4,0
"Post-1980","3C",14,71.6,54.5,0.68902675,-0.123735658,-1.994905998,2.44424459,0,0,-3,0,0,0,3,5,5,0
"Post-1980","3C",10,70.925,51.125,0.7038802,-0.223107348,-1.935749708,2.468691853,0,0,-3,-3,0,0,3,5,1,0
"Post-1980","3C",11,72.725,50,0.7131821,-0.171599272,-2.122538039,2.753609184,0,0,-3,0,0,0,3,5,2,0
"Post-1980","3C",12,72.275,54.375,0.556554825,-0.163101937,-2.105733372,2.811995675,0,0,-3,0,0,0,3,5,3,0
"Post-1980","3C",13,71.6,57,0.49135105,-0.155445421,-2.057349965,2.375692041,0,0,-3,0,0,0,3,5,4,0
"Post-1980","3C",14,71.6,57,0.69025805,-0.214567282,-2.464693075,2.490353224,0,0,-3,0,0,0,3,5,5,0
"Post-1980","3C",14,73.4,57,0.699712875,-0.215274416,-1.825587014,1.966420077,0,0,-2,-2,0,0,2,1,1,0
"Post-1980","3C",10,70.25,63,0.7174069,-0.136344749,-1.730295218,2.017650471,0,0,-2,0,0,0,2,8,4,0
"Post-1980","3C",11,71.6,60,0.673542925,-0.128302493,-1.817724828,1.656851212,0,0,-2,0,0,0,2,8,5,0
"Post-1980","3C",12,71.6,60,0.53930515,-0.114145389,-1.79072686,1.496481959,0,0,-2,0,0,0,2,8,6,0
"Post-1980","3C",13,71.6,60,0.480214025,-0.105869315,-1.759987585,1.502119537,0,0,-2,0,0,0,2,8,7,0
"Post-1980","3C",14,71.6,60,0.684866375,-0.129485483,-1.915857816,1.716369952,0,0,-2,0,0,0,2,8,8,0
"Post-1980","3C",11,70.925,53,0.6800944,-0.082117509,-0.9021617,1.249993763,0,0,-1,-1,0,0,1,4,1,0
"Post-1980","3C",12,71.6,53,0.533187925,-0.064349644,-0.876406497,0.71711882,0,0,-1,0,0,0,1,4,2,0
"Post-1980","3C",13,70.475,54.875,0.482587875,-0.045380295,-0.869795436,0.618670835,0,0,-1,0,0,0,1,4,3,0
"Post-1980","3C",14,70.925,54.125,0.6815978,-0.068907193,-0.891801037,0.636579055,0,0,-1,0,0,0,1,4,4,0
"Post-1980","3C",13,74.525,51.125,0.469993325,-0.261652466,-1.892449725,1.528360309,0,0,-2,-2,0,0,2,2,1,0
"Post-1980","3C",14,74.075,51.875,0.667094125,-0.230420295,-1.967134044,1.337361421,0,0,-2,0,0,0,2,2,2,0
"Post-1980","3C",9,70.25,63,0.48362692,-0.151894792,-1.365138989,1.598843036,0,0,-2,0,0,0,2,7,2,0
"Post-1980","3C",10,73.85,58.125,0.710571425,-0.173989567,-1.948121663,1.873124079,0,0,-2,0,0,0,2,7,3,0
"Post-1980","3C",11,75.2,59.5,0.693734675,-0.165768163,-1.924109406,1.482521781,0,0,-2,0,0,0,2,7,4,0
"Post-1980","3C",12,74.075,63.5,0.55371235,-0.147470324,-1.867799425,1.356417746,0,0,-2,0,0,0,2,7,5,0
"Post-1980","3C",13,73.4,65,0.471261875,-0.136291139,-1.838758648,1.412721545,0,0,-2,0,0,0,2,7,6,0
"Post-1980","3C",14,72.275,64.375,0.69553165,-0.159012477,-1.876948408,1.518812123,0,0,-2,0,0,0,2,7,7,0
"Post-1980","3C",10,70.7,76.125,0.70709455,-0.563828178,-3.921580538,2.954225109,0,0,-4,0,0,0,4,7,3,0
"Post-1980","3C",11,74.525,66.5,0.7002202,-0.523019786,-3.958349908,2.50145265,0,0,-4,0,0,0,4,7,4,0
"Post-1980","3C",12,75.2,65,0.566066,-0.462648241,-3.926330441,2.559918806,0,0,-4,0,0,0,4,7,5,0
"Post-1980","3C",13,74.075,67.5,0.472876125,-0.41222396,-3.893838906,3.043234226,0,0,-4,0,0,0,4,7,6,0
"Post-1980","3C",14,73.4,66.5,0.674908325,-0.463004629,-3.935843748,3.076037285,0,0,-4,0,0,0,4,7,7,0
"Post-1980","3C",11,71.6,57,0.684188875,-0.800705328,-3.634485494,3.001029371,0,0,-4,-4,0,0,4,4,1,0
"Post-1980","3C",12,72.725,54.5,0.55063755,-0.560024961,-3.952753624,2.653738766,0,0,-4,0,0,0,4,4,2,0
"Post-1980","3C",13,72.275,55.5,0.464601275,-0.464482841,-3.939708275,2.986807712,0,0,-4,0,0,0,4,4,3,0
"Post-1980","3C",14,71.6,57,0.6840976,-0.499747411,-3.981979547,3.113481842,0,0,-4,0,0,0,4,4,4,0
"Post-1980","3C",10,71.6,67.125,0.69687455,-0.197151766,-1.93547004,1.745640401,0,0,-2,0,0,0,2,6,2,0
"Post-1980","3C",11,72.725,66.5,0.72256415,-0.186397887,-1.976082154,1.485069453,0,0,-2,0,0,0,2,6,3,0
"Post-1980","3C",12,73.4,65,0.556325675,-0.167377417,-1.944023065,1.309313814,0,0,-2,0,0,0,2,6,4,0
"Post-1980","3C",13,73.4,65,0.48513255,-0.15301561,-1.909237889,1.410444626,0,0,-2,0,0,0,2,6,5,0
"Post-1980","3C",14,73.4,65,0.68665,-0.177129093,-1.968966002,1.530319653,0,0,-2,0,0,0,2,6,6,0
"Post-1980","3C",10,72.725,66.5,0.69689695,-0.543611899,-3.929911067,2.870008927,0,0,-4,0,0,0,4,7,3,0
"Post-1980","3C",11,73.4,65,0.700667025,-0.49631011,-3.981990184,2.663020723,0,0,-4,0,0,0,4,7,4,0
"Post-1980","3C",12,74.525,65,0.549659025,-0.448560038,-3.967048102,2.796796364,0,0,-4,0,0,0,4,7,5,0
"Post-1980","3C",13,75.2,62.5,0.4872678,-0.41517953,-3.944500152,3.119486839,0,0,-4,0,0,0,4,7,6,0
"Post-1980","3C",14,74.075,63.5,0.67259075,-0.459774499,-3.981724936,3.166063998,0,0,-4,0,0,0,4,7,7,0
"Post-1980","3C",10,72.05,62.125,0.70950875,-0.150684259,-1.822602476,1.956561517,0,0,-2,0,0,0,2,7,3,0
"Post-1980","3C",11,73.4,63.5,0.701167225,-0.144063175,-1.888459475,1.609813207,0,0,-2,0,0,0,2,7,4,0
"Post-1980","3C",12,73.4,65,0.518466225,-0.132430451,-1.834985385,1.469730528,0,0,-2,0,0,0,2,7,5,0
"Post-1980","3C",13,74.525,62.5,0.465005475,-0.122909741,-1.809425471,1.564939737,0,0,-2,0,0,0,2,7,6,0
"Post-1980","3C",14,75.2,61,0.683145675,-0.142777903,-1.870410315,1.637136491,0,0,-2,0,0,0,2,7,7,0
"Post-1980","3C",9,76.1,65.5,0.48016529,-0.221386189,-1.727674317,1.528624962,0,0,-2,0,0,0,2,8,3,0
"Post-1980","3C",10,79.925,56.625,0.6926857,-0.242238272,-1.991479794,1.256266639,0,0,-2,0,0,0,2,8,4,0
"Post-1980","3C",11,81.725,52.125,0.707405775,-0.229829631,-1.999765798,1.201243745,0,0,-2,0,0,0,2,8,5,0
"Post-1980","3C",12,82.4,53.5,0.562746725,-0.219536289,-1.999652616,1.305506063,0,0,-2,0,0,0,2,8,6,0
"Post-1980","3C",13,81.275,54.375,0.4827178,-0.193457799,-1.999707605,1.535049136,0,0,-2,0,0,0,2,8,7,0
"Post-1980","3C",14,80.6,56.5,0.662956275,-0.218596229,-1.999829113,1.543361349,0,0,-2,0,0,0,2,8,8,0
"Post-1980","3C",14,75.2,65,0.670293725,-0.140651908,-0.983303224,0.827832899,0,0,-1,-1,0,0,1,1,1,0
"Post-1980","3C",10,71.375,69.875,0.7035251,-0.085442646,-0.945425873,0.685380257,0,0,-1,0,0,0,1,6,2,0
"Post-1980","3C",11,73.4,65,0.687330625,-0.079662126,-0.992871504,0.568478944,0,0,-1,0,0,0,1,6,3,0
"Post-1980","3C",12,73.4,65,0.543771175,-0.072676121,-0.987733198,0.565198398,0,0,-1,0,0,0,1,6,4,0
"Post-1980","3C",13,73.4,65,0.478861925,-0.066494716,-0.965840043,0.602521994,0,0,-1,0,0,0,1,6,5,0
"Post-1980","3C",14,73.4,65,0.699744875,-0.075525816,-0.999741255,0.686288377,0,0,-1,0,0,0,1,6,6,0
"Post-1980","3C",14,76.325,58.5,0.688671175,-0.91597866,-2.915578102,2.677841026,0,0,-4,-4,0,0,4,1,1,0
"Post-1980","3C",12,72.275,67.5,0.545411025,-0.9313194,-3.331457823,2.857209547,0,0,-4,-4,0,0,4,3,1,0
"Post-1980","3C",13,72.725,66.5,0.476945975,-0.694992044,-3.912203763,2.263777655,0,0,-4,0,0,0,4,3,2,0
"Post-1980","3C",14,73.4,65,0.674801825,-0.694149122,-3.948736923,2.162108487,0,0,-4,0,0,0,4,3,3,0
"Post-1980","3C",13,73.4,65,0.4893302,-0.929568009,-3.456487491,3.152576552,0,0,-4,-4,0,0,4,2,1,0
"Post-1980","3C",14,72.275,67.5,0.68858085,-0.737262383,-3.938046976,2.169241967,0,0,-4,0,0,0,4,2,2,0
"Post-1980","3C",9,72.725,74.875,0.485443683,-0.085603982,-0.606791993,1.172635881,0,0,-1,0,0,0,1,7,2,0
"Post-1980","3C",10,74.525,70.5,0.695822075,-0.091629365,-0.923348016,0.845954555,0,0,-1,0,0,0,1,7,3,0
"Post-1980","3C",11,76.325,66.5,0.711573825,-0.086237475,-0.9007142,0.557366127,0,0,-1,0,0,0,1,7,4,0
"Post-1980","3C",12,75.875,67.5,0.561588775,-0.077184327,-0.888060026,0.562151637,0,0,-1,0,0,0,1,7,5,0
"Post-1980","3C",13,76.325,64,0.47172385,-0.070376485,-0.888297834,0.647258743,0,0,-1,0,0,0,1,7,6,0
"Post-1980","3C",14,78.125,59.125,0.69849235,-0.084794313,-0.889142315,0.674956447,0,0,-1,0,0,0,1,7,7,0
"Post-1980","3C",9,72.05,72.375,0.471895935,-0.104686215,-0.710991371,0.792803418,0,0,-1,-1,0,0,1,6,1,0
"Post-1980","3C",10,73.4,69,0.711725375,-0.107067568,-0.984454509,0.909888772,0,0,-1,0,0,0,1,6,2,0
"Post-1980","3C",11,74.525,66.5,0.7105484,-0.103423285,-0.9984227,0.521251913,0,0,-1,0,0,0,1,6,3,0
"Post-1980","3C",12,75.2,65,0.569829925,-0.094785384,-0.969681995,0.491106458,0,0,-1,0,0,0,1,6,4,0
"Post-1980","3C",13,75.2,65,0.483078975,-0.086265157,-0.95575065,0.549748597,0,0,-1,0,0,0,1,6,5,0
"Post-1980","3C",14,75.2,62.5,0.674388675,-0.094085595,-0.985226903,0.667610147,0,0,-1,0,0,0,1,6,6,0
"Post-1980","3C",9,71.5775,78.25,0.484472268,-0.894256966,-3.451387971,2.694107756,0,0,-4,-4,0,0,4,6,1,0
"Post-1980","3C",10,75.65,68,0.68654935,-0.807198387,-3.959097768,1.810570875,0,0,-4,0,0,0,4,6,2,0
"Post-1980","3C",11,79.25,60.625,0.700132275,-0.718517167,-3.960651352,1.71840407,0,0,-4,0,0,0,4,6,3,0
"Post-1980","3C",12,81.725,56.125,0.566913975,-0.645499839,-3.970265898,2.034648511,0,0,-4,0,0,0,4,6,4,0
"Post-1980","3C",13,79.025,61.25,0.495133225,-0.607274346,-3.992310485,2.664531244,0,0,-4,0,0,0,4,6,5,0
"Post-1980","3C",14,78.125,62.5,0.68493535,-0.641344653,-3.981077211,2.665912404,0,0,-4,0,0,0,4,6,6,0
"Post-1980","3C",11,72.725,59.625,0.702154,-0.193583925,-1.785681,1.165491884,0,0,-2,0,0,0,2,5,2,0
"Post-1980","3C",12,73.4,57,0.55336815,-0.171147675,-1.774092353,1.247807596,0,0,-2,0,0,0,2,5,3,0
"Post-1980","3C",13,72.275,58.875,0.479334875,-0.152489296,-1.772294032,1.494057424,0,0,-2,0,0,0,2,5,4,0
"Post-1980","3C",14,71.6,60,0.69639755,-0.171042158,-1.774041862,1.502916359,0,0,-2,0,0,0,2,5,5,0
"Post-1980","3C",10,72.05,70.5,0.704455975,-0.614087593,-3.916993439,2.314386652,0,0,-4,0,0,0,4,6,2,0
"Post-1980","3C",11,74.525,66.5,0.70306105,-0.564487768,-3.959135148,2.162310789,0,0,-4,0,0,0,4,6,3,0
"Post-1980","3C",12,74.075,67.5,0.56919705,-0.500926346,-3.933411585,2.329065379,0,0,-4,0,0,0,4,6,4,0
"Post-1980","3C",13,73.4,69,0.470469875,-0.457473675,-3.909251713,2.800919042,0,0,-4,0,0,0,4,6,5,0
"Post-1980","3C",14,73.4,66.5,0.684877125,-0.503226499,-3.969664501,2.896839363,0,0,-4,0,0,0,4,6,6,0
"Post-1980","3C",10,72.725,70.5,0.7112297,-0.039879435,-0.955488592,1.094171766,0,0,-1,0,0,0,1,7,3,0
"Post-1980","3C",11,73.4,69,0.675743775,-0.036899221,-0.976929967,1.005963754,0,0,-1,0,0,0,1,7,4,0
"Post-1980","3C",12,74.525,66.5,0.5581129,-0.034928795,-0.950126284,0.954570093,0,0,-1,0,0,0,1,7,5,0
"Post-1980","3C",13,75.2,65,0.464777225,-0.032237994,-0.942542725,0.928322081,0,0,-1,0,0,0,1,7,6,0
"Post-1980","3C",14,75.2,65,0.689198925,-0.04080444,-0.973802376,0.989097288,0,0,-1,0,0,0,1,7,7,0
"Post-1980","3C",12,72.725,62.125,0.567272275,-0.496501151,-2.642529228,2.362914924,0,0,-3,-3,0,0,3,3,1,0
"Post-1980","3C",13,73.4,61,0.4874139,-0.327977069,-2.733886729,1.993674011,0,0,-3,0,0,0,3,3,2,0
"Post-1980","3C",14,74.525,58.5,0.693702125,-0.353968554,-2.78959284,1.933108643,0,0,-3,0,0,0,3,3,3,0
"Post-1980","3C",11,70.925,58.125,0.69983555,-0.280731851,-2.821764066,2.274253923,0,0,-3,0,0,0,3,8,5,0
"Post-1980","3C",12,73.85,52.625,0.5314952,-0.269718269,-2.801682664,2.228260907,0,0,-3,0,0,0,3,8,6,0
"Post-1980","3C",13,77.45,46.875,0.487892475,-0.267085363,-2.804914155,2.495316856,0,0,-3,0,0,0,3,8,7,0
"Post-1980","3C",14,76.55,50.625,0.659591675,-0.303611469,-2.876415159,2.550966369,0,0,-3,0,0,0,3,8,8,0
"Post-1980","3C",9,71.375,68,0.470380853,-0.324138632,-2.526041356,2.610131053,0,0,-3,0,0,0,3,8,3,0
"Post-1980","3C",10,73.4,65,0.683195875,-0.367887203,-2.925965411,2.285123077,0,0,-3,0,0,0,3,8,4,0
"Post-1980","3C",11,74.525,65,0.69887185,-0.354727853,-2.970768147,2.003292827,0,0,-3,0,0,0,3,8,5,0
"Post-1980","3C",12,74.075,67.5,0.555921825,-0.323975114,-2.960765216,1.977176613,0,0,-3,0,0,0,3,8,6,0
"Post-1980","3C",13,72.275,71.5,0.48671985,-0.295044784,-2.927996057,2.238692887,0,0,-3,0,0,0,3,8,7,0
"Post-1980","3C",14,72.725,70.5,0.686737275,-0.332930387,-2.99015674,2.303792388,0,0,-3,0,0,0,3,8,8,0
"Post-1980","3C",10,72.05,58.125,0.714226925,-0.263736784,-1.702266524,1.951633117,0,0,-2,-2,0,0,2,5,1,0
"Post-1980","3C",11,72.275,58.875,0.686891225,-0.197568356,-1.812363525,1.494819926,0,0,-2,0,0,0,2,5,2,0
"Post-1980","3C",12,71.6,60,0.531350425,-0.177419021,-1.785101283,1.277875779,0,0,-2,0,0,0,2,5,3,0
"Post-1980","3C",13,71.6,62.5,0.473410175,-0.16474544,-1.76463229,1.298773822,0,0,-2,0,0,0,2,5,4,0
"Post-1980","3C",14,71.6,61.5,0.694255325,-0.187378757,-1.898239377,1.502849231,0,0,-2,0,0,0,2,5,5,0
"Post-1980","3C",11,72.05,54.125,0.689953775,-0.204609032,-2.332188857,2.396470625,0,0,-3,0,0,0,3,8,5,0
"Post-1980","3C",12,72.275,57.375,0.568090875,-0.213399123,-2.341207186,2.260408841,0,0,-3,0,0,0,3,8,6,0
"Post-1980","3C",13,71.6,60,0.47413165,-0.19429441,-2.290948072,2.155792308,0,0,-3,0,0,0,3,8,7,0
"Post-1980","3C",14,71.6,60,0.679387125,-0.234437835,-2.579904098,2.389480451,0,0,-3,0,0,0,3,8,8,0
"Post-1980","3C",12,72.05,76.75,0.5436281,-0.011223667,-0.493458927,0.599809903,0,0,-1,0,0,0,1,8,6,0
"Post-1980","3C",13,76.775,65.5,0.4801098,-0.019481705,-0.556105211,0.678403979,0,0,-1,0,0,0,1,8,7,0
"Post-1980","3C",14,81.05,54.75,0.679236975,-0.042989589,-0.804512062,0.778541773,0,0,-1,0,0,0,1,8,8,0
"Post-1980","3C",10,70.925,88,0.694956925,-0.346691348,-2.462830213,1.875441123,0,0,-3,-3,0,0,3,5,1,0
"Post-1980","3C",11,71.6,84.875,0.690804575,-0.274737655,-2.656736598,1.382394634,0,0,-3,0,0,0,3,5,2,0
"Post-1980","3C",12,76.1,74.875,0.574884975,-0.29896773,-2.74701405,1.533348569,0,0,-3,0,0,0,3,5,3,0
"Post-1980","3C",13,75.425,71.875,0.483439875,-0.222824281,-2.683050865,1.64846359,0,0,-3,0,0,0,3,5,4,0
"Post-1980","3C",14,72.275,73,0.681773975,-0.232037475,-2.789641602,2.027097721,0,0,-3,0,0,0,3,5,5,0
"Post-1980","3C",10,70.925,70.5,0.703660225,-0.404847189,-3.337725936,2.517082886,0,0,-4,0,0,0,4,6,2,0
"Post-1980","3C",11,70.475,71.5,0.6844803,-0.372338315,-3.403632803,2.381527018,0,0,-4,0,0,0,4,6,3,0
"Post-1980","3C",12,70.925,70.5,0.53221465,-0.353078445,-3.363785638,2.421956786,0,0,-4,0,0,0,4,6,4,0
"Post-1980","3C",13,71.6,69,0.479570625,-0.32664454,-3.332007156,2.622071181,0,0,-4,0,0,0,4,6,5,0
"Post-1980","3C",14,70.475,71.5,0.68563815,-0.372773038,-3.636698147,3.031906298,0,0,-4,0,0,0,4,6,6,0
"Post-1980","3C",14,94.55,17.875,0.693644225,-0.440502839,-1.686480716,1.48236176,0,0,-2,-2,0,0,2,1,1,0
"Post-1980","4A",12,71.15,51,0.5453405,-0.023166654,-0.375335683,0.488318507,0,0,-3,0,0,0,3,4,2,0
"Post-1980","4A",13,72.635,46.75,0.473184975,-0.009809663,-0.402485091,0.469412217,0,0,-3,0,0,0,3,4,3,0
"Post-1980","4A",14,73.04,46,0.69830185,-0.019362954,-0.843872399,0.875773079,0,0,-3,0,0,0,3,4,4,0
"Post-1980","4A",12,83.2775,36.75,0.550177625,-0.077754482,-0.868849226,0.896220591,0,0,-1,-1,0,0,1,3,1,0
"Post-1980","4A",13,82.1075,35.375,0.483842425,-0.061428048,-0.85680765,0.856932724,0,0,-1,0,0,0,1,3,2,0
"Post-1980","4A",14,79.7225,39.375,0.691383425,-0.06593941,-0.94101737,1.064095514,0,0,-1,0,0,0,1,3,3,0
"Post-1980","4A",10,74.435,85.375,0.70824345,-0.225660447,-1.720169094,2.045552278,0,0,-2,-2,0,0,2,5,1,0
"Post-1980","4A",11,79.07,71.375,0.697166775,-0.188157132,-1.894470687,1.237787358,0,0,-2,0,0,0,2,5,2,0
"Post-1980","4A",12,82.1975,60,0.551727975,-0.180677934,-1.929958484,1.139326899,0,0,-2,0,0,0,2,5,3,0
"Post-1980","4A",13,84.1775,53.25,0.462365775,-0.169359214,-1.916310281,1.160030623,0,0,-2,0,0,0,2,5,4,0
"Post-1980","4A",14,86.27,47.875,0.685323525,-0.18820703,-1.977436129,1.333118645,0,0,-2,0,0,0,2,5,5,0
"Post-1980","4A",14,75.0875,51.125,0.6684787,-0.105130176,-0.98091236,1.013529485,0,0,-1,-1,0,0,1,1,1,0
"Post-1980","4A",12,72.455,83.875,0.556554825,-0.267251879,-2.789208379,1.43308135,0,0,-3,0,0,0,3,5,3,0
"Post-1980","4A",13,73.94,80.125,0.49135105,-0.263178695,-2.790720941,1.602180332,0,0,-3,0,0,0,3,5,4,0
"Post-1980","4A",14,73.94,80.875,0.69025805,-0.291559155,-2.897974704,1.82368868,0,0,-3,0,0,0,3,5,5,0
"Post-1980","4A",14,74.345,77.875,0.699712875,-0.271724143,-1.927166282,1.555844757,0,0,-2,-2,0,0,2,1,1,0
"Post-1980","4A",9,77.8325,75.875,0.481812138,-0.206357861,-1.894829161,1.066018433,0,0,-2,0,0,0,2,8,3,0
"Post-1980","4A",10,79.655,74,0.7174069,-0.210974994,-2.000005092,1.070732884,0,0,-2,0,0,0,2,8,4,0
"Post-1980","4A",11,81.86,69.625,0.673542925,-0.194853406,-1.999984552,1.12243518,0,0,-2,0,0,0,2,8,5,0
"Post-1980","4A",12,86.09,63.25,0.53930515,-0.198716886,-1.999601148,1.260564824,0,0,-2,0,0,0,2,8,6,0
"Post-1980","4A",13,84.2675,67.875,0.480214025,-0.181019966,-1.999801252,1.482018728,0,0,-2,0,0,0,2,8,7,0
"Post-1980","4A",14,78.89,79.5,0.684866375,-0.17841792,-1.99967004,1.497372922,0,0,-2,0,0,0,2,8,8,0
"Post-1980","4A",11,80.3975,49.25,0.6800944,-0.166432363,-0.980996522,0.632791735,0,0,-1,-1,0,0,1,4,1,0
"Post-1980","4A",12,80.6225,42,0.533187925,-0.125186853,-0.999947948,0.454826641,0,0,-1,0,0,0,1,4,2,0
"Post-1980","4A",13,80.3975,40.875,0.482587875,-0.107867166,-0.999868384,0.539991699,0,0,-1,0,0,0,1,4,3,0
"Post-1980","4A",14,80.6225,40.125,0.6815978,-0.112556349,-0.999919999,0.727330196,0,0,-1,0,0,0,1,4,4,0
"Post-1980","4A",13,71.06,91.125,0.469993325,-0.3023714,-1.928688094,1.187856648,0,0,-2,-2,0,0,2,2,1,0
"Post-1980","4A",14,71.06,91.875,0.667094125,-0.245357208,-1.99934504,0.860865446,0,0,-2,0,0,0,2,2,2,0
"Post-1980","4A",9,76.2575,58.875,0.48362692,-0.214791342,-1.964463833,2.091524703,0,0,-2,0,0,0,2,7,2,0
"Post-1980","4A",10,78.2375,58.75,0.710571425,-0.217519519,-1.99989779,1.694970994,0,0,-2,0,0,0,2,7,3,0
"Post-1980","4A",11,80.8925,53.625,0.693734675,-0.210604223,-1.999774892,1.431342745,0,0,-2,0,0,0,2,7,4,0
"Post-1980","4A",12,80.8025,55.375,0.55371235,-0.195218487,-1.999803603,1.485916905,0,0,-2,0,0,0,2,7,5,0
"Post-1980","4A",13,80.6225,55.5,0.471261875,-0.180026211,-1.99815923,1.622454801,0,0,-2,0,0,0,2,7,6,0
"Post-1980","4A",14,80.96,53.375,0.69553165,-0.191529481,-2.000090141,1.66802049,0,0,-2,0,0,0,2,7,7,0
"Post-1980","4A",9,70.3175,85.125,0.494261585,-0.553058538,-3.706089689,3.322989696,0,0,-4,0,0,0,4,7,2,0
"Post-1980","4A",10,74.7725,77.75,0.70709455,-0.598023007,-3.999583231,2.515398434,0,0,-4,0,0,0,4,7,3,0
"Post-1980","4A",11,76.325,74,0.7002202,-0.562169883,-3.99944851,2.28410839,0,0,-4,0,0,0,4,7,4,0
"Post-1980","4A",12,74.6825,74,0.566066,-0.490719019,-3.999308452,2.543369927,0,0,-4,0,0,0,4,7,5,0
"Post-1980","4A",13,74.615,74,0.472876125,-0.438438876,-3.997361323,3.116132506,0,0,-4,0,0,0,4,7,6,0
"Post-1980","4A",14,72.545,78.375,0.674908325,-0.451766702,-3.99964449,3.139299724,0,0,-4,0,0,0,4,7,7,0
"Post-1980","4A",11,77.675,76.375,0.684188875,-0.951729941,-3.469039617,2.526964191,0,0,-4,-4,0,0,4,4,1,0
"Post-1980","4A",12,77.405,76.625,0.55063755,-0.694687945,-3.925415144,1.986151873,0,0,-4,0,0,0,4,4,2,0
"Post-1980","4A",13,78.9125,72,0.464601275,-0.607183092,-3.985753954,2.489192566,0,0,-4,0,0,0,4,4,3,0
"Post-1980","4A",14,80.6225,69,0.6840976,-0.61700858,-3.982294769,2.506226457,0,0,-4,0,0,0,4,4,4,0
"Post-1980","4A",9,82.535,62.75,0.487058735,-0.432140395,-1.94233176,1.132347616,0,0,-2,-2,0,0,2,6,1,0
"Post-1980","4A",10,84.5825,55.25,0.69687455,-0.339150277,-1.999753434,0.770742175,0,0,-2,0,0,0,2,6,2,0
"Post-1980","4A",11,87.5075,48,0.72256415,-0.311092183,-1.99968585,0.887411546,0,0,-2,0,0,0,2,6,3,0
"Post-1980","4A",12,90.2975,42.5,0.556325675,-0.292048853,-1.99960785,1.115888654,0,0,-2,0,0,0,2,6,4,0
"Post-1980","4A",13,88.565,48.5,0.48513255,-0.265289059,-1.999696808,1.42558197,0,0,-2,0,0,0,2,6,5,0
"Post-1980","4A",14,87.6425,56.75,0.68665,-0.269196831,-1.999889231,1.47397058,0,0,-2,0,0,0,2,6,6,0
"Post-1980","4A",9,83.2775,49.875,0.479962053,-0.741094578,-3.847239017,2.345537511,0,0,-4,0,0,0,4,7,2,0
"Post-1980","4A",10,85.9325,46.75,0.69689695,-0.713706852,-3.788202354,2.10858172,0,0,-4,0,0,0,4,7,3,0
"Post-1980","4A",11,85.73,49.125,0.700667025,-0.676835015,-3.847637323,2.296402394,0,0,-4,0,0,0,4,7,4,0
"Post-1980","4A",12,84.3575,49.125,0.549659025,-0.618044952,-3.910958876,2.622355244,0,0,-4,0,0,0,4,7,5,0
"Post-1980","4A",13,83.345,54.875,0.4872678,-0.557606679,-3.989416565,3.20417324,0,0,-4,0,0,0,4,7,6,0
"Post-1980","4A",14,81.14,62.125,0.67259075,-0.557506442,-3.989718031,3.089977384,0,0,-4,0,0,0,4,7,7,0
"Post-1980","4A",9,80.8925,58.25,0.489646708,-0.230316924,-1.945080941,2.01534355,0,0,-2,0,0,0,2,7,2,0
"Post-1980","4A",10,82.6025,55.375,0.70950875,-0.225717611,-1.999526786,1.505853981,0,0,-2,0,0,0,2,7,3,0
"Post-1980","4A",11,82.94,56.25,0.701167225,-0.210966822,-1.985349205,1.415272269,0,0,-2,0,0,0,2,7,4,0
"Post-1980","4A",12,82.94,58.25,0.518466225,-0.196902469,-1.965117855,1.462019839,0,0,-2,0,0,0,2,7,5,0
"Post-1980","4A",13,82.94,59,0.465005475,-0.18545741,-1.942442739,1.596928348,0,0,-2,0,0,0,2,7,6,0
"Post-1980","4A",14,83.615,55.25,0.683145675,-0.195378428,-1.992404629,1.647440553,0,0,-2,0,0,0,2,7,7,0
"Post-1980","4A",8,75.8525,85.375,0.000490195,-0.101593909,-1.062390287,-0.541251518,0,0,-2,0,0,0,2,8,2,0
"Post-1980","4A",9,78.2375,78.875,0.48016529,-0.230381382,-1.874559081,0.814705956,0,0,-2,0,0,0,2,8,3,0
"Post-1980","4A",10,79.655,75.125,0.6926857,-0.233970009,-1.999945721,0.829054787,0,0,-2,0,0,0,2,8,4,0
"Post-1980","4A",11,80.06,74,0.707405775,-0.223104283,-1.999697572,0.935076513,0,0,-2,0,0,0,2,8,5,0
"Post-1980","4A",12,81.2975,70.875,0.562746725,-0.207486305,-1.999571212,1.098927099,0,0,-2,0,0,0,2,8,6,0
"Post-1980","4A",13,81.365,72.125,0.4827178,-0.185319883,-1.999643986,1.373310009,0,0,-2,0,0,0,2,8,7,0
"Post-1980","4A",14,81.635,72.75,0.662956275,-0.20498734,-1.999779529,1.387481394,0,0,-2,0,0,0,2,8,8,0
"Post-1980","4A",14,85.325,71.25,0.670293725,-0.23725183,-0.980902394,0.641557523,0,0,-1,-1,0,0,1,1,1,0
"Post-1980","4A",9,79.88,85,0.476641008,-0.194722897,-0.906270135,0.16290726,0,0,-1,-1,0,0,1,6,1,0
"Post-1980","4A",10,82.1975,78.875,0.7035251,-0.171191889,-0.999164109,0.101893311,0,0,-1,0,0,0,1,6,2,0
"Post-1980","4A",11,84.1775,72.625,0.687330625,-0.15701481,-0.999779751,0.178223259,0,0,-1,0,0,0,1,6,3,0
"Post-1980","4A",12,84.3575,70,0.543771175,-0.141226533,-0.999859001,0.284719612,0,0,-1,0,0,0,1,6,4,0
"Post-1980","4A",13,84.02,72.5,0.478861925,-0.129841732,-0.999858101,0.43360084,0,0,-1,0,0,0,1,6,5,0
"Post-1980","4A",14,84.5825,72.75,0.699744875,-0.145640077,-1.000043554,0.5262277,0,0,-1,0,0,0,1,6,6,0
"Post-1980","4A",14,80.1275,75.125,0.688671175,-0.976836223,-2.711416334,2.278093517,0,0,-4,-4,0,0,4,1,1,0
"Post-1980","4A",12,83.345,75.125,0.545411025,-0.743901867,-2.019255144,2.743353094,0,0,-4,-4,0,0,4,3,1,0
"Post-1980","4A",13,83.615,77,0.476945975,-0.700045125,-2.570355545,3.530460203,0,0,-4,0,0,0,4,3,2,0
"Post-1980","4A",14,85.2575,73.875,0.674801825,-0.596138126,-2.360126268,3.700684307,0,0,-4,0,0,0,4,3,3,0
"Post-1980","4A",13,87.6425,64.875,0.4893302,-0.658685296,-2.015021485,3.577786918,0,0,-4,-4,0,0,4,2,1,0
"Post-1980","4A",14,88.655,63,0.68858085,-0.586069603,-2.223416991,3.923535299,0,0,-4,0,0,0,4,2,2,0
"Post-1980","4A",10,71.6225,65.5,0.695822075,-0.07298905,-0.871377996,1.193364992,0,0,-1,0,0,0,1,7,3,0
"Post-1980","4A",11,73.8725,58.375,0.711573825,-0.071994123,-0.886404601,0.848687246,0,0,-1,0,0,0,1,7,4,0
"Post-1980","4A",12,76.2575,51.875,0.561588775,-0.067674113,-0.887013257,0.7263346,0,0,-1,0,0,0,1,7,5,0
"Post-1980","4A",13,75.0875,53.125,0.47172385,-0.061984131,-0.887440123,0.789266334,0,0,-1,0,0,0,1,7,6,0
"Post-1980","4A",14,75.1775,50.625,0.69849235,-0.067717028,-0.886545221,0.805754699,0,0,-1,0,0,0,1,7,7,0
"Post-1980","4A",9,76.9325,66.625,0.471895935,-0.131616771,-0.896018652,0.898825305,0,0,-1,-1,0,0,1,6,1,0
"Post-1980","4A",10,77.405,67.125,0.711725375,-0.118981196,-1.000175889,0.478025857,0,0,-1,0,0,0,1,6,2,0
"Post-1980","4A",11,77.675,67.75,0.7105484,-0.111269254,-0.999815992,0.394651061,0,0,-1,0,0,0,1,6,3,0
"Post-1980","4A",12,78.6425,62.625,0.569829925,-0.105807676,-0.99980054,0.470948424,0,0,-1,0,0,0,1,6,4,0
"Post-1980","4A",13,79.655,56.25,0.483078975,-0.099430095,-0.999826066,0.639121439,0,0,-1,0,0,0,1,6,5,0
"Post-1980","4A",14,79.385,56.5,0.674388675,-0.105441898,-0.999989865,0.707762591,0,0,-1,0,0,0,1,6,6,0
"Post-1980","4A",9,83.84,42.625,0.484472268,-0.891142016,-3.181173753,2.467519825,0,0,-4,-4,0,0,4,6,1,0
"Post-1980","4A",10,86.27,37.5,0.68654935,-0.768260056,-3.468501989,1.635858185,0,0,-4,0,0,0,4,6,2,0
"Post-1980","4A",11,88.3175,34.75,0.700132275,-0.719107634,-3.530294842,1.771662392,0,0,-4,0,0,0,4,6,3,0
"Post-1980","4A",12,90.2975,32.125,0.566913975,-0.667301751,-3.565006892,2.076586134,0,0,-4,0,0,0,4,6,4,0
"Post-1980","4A",13,91.6025,30.375,0.495133225,-0.616205278,-3.643994681,2.642089765,0,0,-4,0,0,0,4,6,5,0
"Post-1980","4A",14,91.94,30.625,0.68493535,-0.623729606,-3.587543289,2.496851311,0,0,-4,0,0,0,4,6,6,0
"Post-1980","4A",10,80.555,51.375,0.70861605,-0.298874293,-1.877498187,1.415138023,0,0,-2,-2,0,0,2,5,1,0
"Post-1980","4A",11,83.84,50.375,0.702154,-0.247105995,-1.89415211,1.07937611,0,0,-2,0,0,0,2,5,2,0
"Post-1980","4A",12,86.8325,45.625,0.55336815,-0.239180393,-1.8843891,1.214765346,0,0,-2,0,0,0,2,5,3,0
"Post-1980","4A",13,89.2175,41.75,0.479334875,-0.22345749,-1.877359448,1.433379222,0,0,-2,0,0,0,2,5,4,0
"Post-1980","4A",14,89.3975,44.75,0.69639755,-0.238672177,-1.931696143,1.44446341,0,0,-2,0,0,0,2,5,5,0
"Post-1980","4A",9,76.9325,57,0.484713778,-0.860194975,-3.489185946,3.118975998,0,0,-4,-4,0,0,4,6,1,0
"Post-1980","4A",10,79.88,52.125,0.704455975,-0.738723655,-3.859704928,2.072150994,0,0,-4,0,0,0,4,6,2,0
"Post-1980","4A",11,83.435,47.25,0.70306105,-0.683617036,-3.82845021,1.993443694,0,0,-4,0,0,0,4,6,3,0
"Post-1980","4A",12,86.27,43.75,0.56919705,-0.645052458,-3.799349467,2.212402168,0,0,-4,0,0,0,4,6,4,0
"Post-1980","4A",13,88.88,39.875,0.470469875,-0.604956008,-3.83550796,2.718395901,0,0,-4,0,0,0,4,6,5,0
"Post-1980","4A",14,90.635,38,0.684877125,-0.628186692,-3.744483406,2.548256882,0,0,-4,0,0,0,4,6,6,0
"Post-1980","4A",10,70.3175,38.75,0.7112297,-0.03153537,-0.999959052,1.049777875,0,0,-1,0,0,0,1,7,3,0
"Post-1980","4A",11,72.86,35.5,0.675743775,-0.049553652,-0.999898127,0.95320799,0,0,-1,0,0,0,1,7,4,0
"Post-1980","4A",12,75.1775,32.75,0.5581129,-0.063252779,-0.998799159,0.927167504,0,0,-1,0,0,0,1,7,5,0
"Post-1980","4A",13,76.595,32,0.464777225,-0.059650306,-0.996744196,0.893163753,0,0,-1,0,0,0,1,7,6,0
"Post-1980","4A",14,78.9125,29.5,0.689198925,-0.068687349,-0.999929686,0.910276919,0,0,-1,0,0,0,1,7,7,0
"Post-1980","4A",12,78.6425,43.125,0.567272275,-0.582748941,-2.602255534,2.254475428,0,0,-3,-3,0,0,3,3,1,0
"Post-1980","4A",13,78.98,41.375,0.4874139,-0.393883702,-2.816015157,2.190164878,0,0,-3,0,0,0,3,3,2,0
"Post-1980","4A",14,78.4175,41.625,0.693702125,-0.383657043,-2.862635933,2.224018286,0,0,-3,0,0,0,3,3,3,0
"Post-1980","4A",9,72.455,64.25,0.480563075,-0.273305097,-2.643384181,3.232042146,0,0,-3,0,0,0,3,8,3,0
"Post-1980","4A",10,77.09,54.5,0.705048525,-0.33883052,-2.963419925,2.650437226,0,0,-3,0,0,0,3,8,4,0
"Post-1980","4A",11,77.0675,56.25,0.69983555,-0.32633361,-2.939544343,2.197159369,0,0,-3,0,0,0,3,8,5,0
"Post-1980","4A",12,76.595,58.75,0.5314952,-0.310609831,-2.924359718,2.222951615,0,0,-3,0,0,0,3,8,6,0
"Post-1980","4A",13,77,58,0.487892475,-0.289689155,-2.905335158,2.403903489,0,0,-3,0,0,0,3,8,7,0
"Post-1980","4A",14,77,59.25,0.659591675,-0.309698168,-2.957375108,2.499964985,0,0,-3,0,0,0,3,8,8,0
"Post-1980","4A",9,74.2775,75.875,0.470380853,-0.342377858,-2.79051581,2.332564781,0,0,-3,0,0,0,3,8,3,0
"Post-1980","4A",10,76.9325,70.875,0.683195875,-0.412634951,-2.999477409,1.743637988,0,0,-3,0,0,0,3,8,4,0
"Post-1980","4A",11,78.6425,69,0.69887185,-0.404618522,-2.981096464,1.666805162,0,0,-3,0,0,0,3,8,5,0
"Post-1980","4A",12,79.655,69,0.555921825,-0.385098129,-2.963585492,1.76394176,0,0,-3,0,0,0,3,8,6,0
"Post-1980","4A",13,80.06,70.25,0.48671985,-0.362889029,-2.948220884,2.024377298,0,0,-3,0,0,0,3,8,7,0
"Post-1980","4A",14,80.06,71,0.686737275,-0.383086571,-2.955403515,1.970106816,0,0,-3,0,0,0,3,8,8,0
"Post-1980","4A",11,71.6225,43.25,0.686891225,-0.103526468,-1.846270761,2.161808667,0,0,-2,0,0,0,2,5,2,0
"Post-1980","4A",12,71.96,46.5,0.531350425,-0.095352088,-1.854390023,2.136366152,0,0,-2,0,0,0,2,5,3,0
"Post-1980","4A",13,71.96,49.875,0.473410175,-0.087158961,-1.830087684,2.154724034,0,0,-2,0,0,0,2,5,4,0
"Post-1980","4A",14,72.635,46.625,0.694255325,-0.119954438,-1.915412611,2.272998427,0,0,-2,0,0,0,2,5,5,0
"Post-1980","4A",11,71.2175,49.125,0.7094379,-0.098160857,-2.236619887,2.901799743,0,0,-3,0,0,0,3,8,5,0
"Post-1980","4A",12,72.635,46.75,0.571113575,-0.120521602,-2.319044393,2.944221059,0,0,-3,0,0,0,3,8,6,0
"Post-1980","4A",13,73.6025,44.125,0.4885029,-0.114033811,-2.276587192,2.952443153,0,0,-3,0,0,0,3,8,7,0
"Post-1980","4A",14,74.615,43,0.6874063,-0.151969896,-2.578879773,3.223357838,0,0,-3,0,0,0,3,8,8,0
"Post-1980","4A",11,71.555,47.875,0.689953775,-0.109511733,-2.447862547,3.056736669,0,0,-3,0,0,0,3,8,5,0
"Post-1980","4A",12,72.365,47.875,0.568090875,-0.118255381,-2.508852855,3.135506556,0,0,-3,0,0,0,3,8,6,0
"Post-1980","4A",13,71.96,50.25,0.47413165,-0.08515062,-2.485452549,3.258073982,0,0,-3,0,0,0,3,8,7,0
"Post-1980","4A",14,71.3975,52.25,0.679387125,-0.118205012,-2.719438132,3.520802339,0,0,-3,0,0,0,3,8,8,0
"Post-1980","4A",10,71.2175,76.75,0.70201725,-0.01760217,-0.630745963,0.848706145,0,0,-1,0,0,0,1,8,4,0
"Post-1980","4A",11,72.635,74.125,0.7068261,-0.022158708,-0.743759251,0.929145243,0,0,-1,0,0,0,1,8,5,0
"Post-1980","4A",12,73.6025,71.75,0.5436281,-0.021452443,-0.773104774,0.929454292,0,0,-1,0,0,0,1,8,6,0
"Post-1980","4A",13,74.615,71,0.4801098,-0.0205621,-0.746398035,0.958395296,0,0,-1,0,0,0,1,8,7,0
"Post-1980","4A",14,74.345,71,0.679236975,-0.023577007,-0.845024575,1.015752856,0,0,-1,0,0,0,1,8,8,0
"Post-1980","4A",10,71.6225,90.75,0.694956925,-0.365229044,-2.647907265,2.61420278,0,0,-3,-3,0,0,3,5,1,0
"Post-1980","4A",11,70.16,94.875,0.690804575,-0.252576687,-2.786939394,1.79603997,0,0,-3,0,0,0,3,5,2,0
"Post-1980","4A",14,71.8925,96.25,0.681773975,-0.230812645,-2.872628825,2.027908306,0,0,-3,0,0,0,3,5,5,0
"Post-1980","6B",12,70.475,39.25,0.550177625,-0.002540632,-0.047400489,-0.123011556,0,0,-1,-1,0,0,1,3,1,0
"Post-1980","6B",13,73.1975,32,0.483842425,-0.004483075,-0.084354982,-0.083568284,0,0,-1,0,0,0,1,3,2,0
"Post-1980","6B",14,73.94,27.75,0.691383425,-0.014255736,-0.258422583,-0.016615396,0,0,-1,0,0,0,1,3,3,0
"Post-1980","6B",14,72.7925,46.75,0.6823573,-0.321219231,-2.807281869,3.714478239,0,0,-3,0,0,0,3,2,2,0
"Post-1980","6B",11,73.13,41.5,0.6800944,-0.049067687,-0.602838517,0.021028508,0,0,-1,-1,0,0,1,4,1,0
"Post-1980","6B",12,76.9325,42.375,0.533187925,-0.050446567,-0.729887796,0.529707967,0,0,-1,0,0,0,1,4,2,0
"Post-1980","6B",13,79.88,42,0.482587875,-0.04947062,-0.770349396,1.186975293,0,0,-1,0,0,0,1,4,3,0
"Post-1980","6B",14,82.8725,40.75,0.6815978,-0.058728982,-0.904326517,1.122789195,0,0,-1,0,0,0,1,4,4,0
"Post-1980","6B",13,79.3175,43.625,0.469993325,-0.303228393,-1.95243701,2.156866138,0,0,-2,-2,0,0,2,2,1,0
"Post-1980","6B",14,81.2975,40.25,0.667094125,-0.277771925,-2.000081065,1.693180356,0,0,-2,0,0,0,2,2,2,0
"Post-1980","6B",9,70.475,43.25,0.48362692,-0.159045644,-1.562454739,1.794132087,0,0,-2,0,0,0,2,7,2,0
"Post-1980","6B",10,74.435,37.875,0.710571425,-0.185522808,-1.996810184,2.117005475,0,0,-2,0,0,0,2,7,3,0
"Post-1980","6B",11,77.27,29.125,0.693734675,-0.183282301,-1.980335415,1.779054871,0,0,-2,0,0,0,2,7,4,0
"Post-1980","6B",12,70.5425,32.5,0.55371235,-0.12781358,-1.913381414,1.646149267,0,0,-2,0,0,0,2,7,5,0
"Post-1980","6B",9,70.07,32.25,0.494261585,-0.462245137,-3.368234474,3.407323511,0,0,-4,0,0,0,4,7,2,0
"Post-1980","6B",10,74.435,27.5,0.70709455,-0.519739162,-3.938368517,3.440628085,0,0,-4,0,0,0,4,7,3,0
"Post-1980","6B",11,78.5075,21,0.7002202,-0.506610016,-3.993882689,3.218808157,0,0,-4,0,0,0,4,7,4,0
"Post-1980","6B",12,81.86,17.375,0.566066,-0.487576854,-3.998798116,3.229120484,0,0,-4,0,0,0,4,7,5,0
"Post-1980","6B",13,84.1775,15.75,0.472876125,-0.462944758,-3.986115044,3.331630766,0,0,-4,0,0,0,4,7,6,0
"Post-1980","6B",14,86.27,13.75,0.674908325,-0.504103432,-3.999803675,3.041196121,0,0,-4,0,0,0,4,7,7,0
"Post-1980","6B",10,72.455,36.25,0.69687455,-0.208084884,-1.984609151,1.903180844,0,0,-2,0,0,0,2,6,2,0
"Post-1980","6B",11,75.1775,33.875,0.72256415,-0.198475842,-1.999954769,1.831473677,0,0,-2,0,0,0,2,6,3,0
"Post-1980","6B",12,78.5075,30.125,0.556325675,-0.202058561,-1.999917843,1.857584412,0,0,-2,0,0,0,2,6,4,0
"Post-1980","6B",13,81.2975,27.75,0.48513255,-0.196654358,-1.999908407,1.952850091,0,0,-2,0,0,0,2,6,5,0
"Post-1980","6B",14,84.515,26.375,0.68665,-0.224135418,-1.999920037,1.979061154,0,0,-2,0,0,0,2,6,6,0
"Post-1980","6B",9,75.515,44.875,0.479962053,-0.654873882,-3.824748785,5.370587479,0,0,-4,0,0,0,4,7,2,0
"Post-1980","6B",10,80.15,36.125,0.69689695,-0.685407692,-3.98457459,4.806099629,0,0,-4,0,0,0,4,7,3,0
"Post-1980","6B",11,83.2775,30.125,0.700667025,-0.654903192,-3.999548909,4.959525133,0,0,-4,0,0,0,4,7,4,0
"Post-1980","6B",12,85.9325,25.25,0.549659025,-0.619650428,-3.999219532,5.305601639,0,0,-4,0,0,0,4,7,5,0
"Post-1980","6B",13,88.88,21.75,0.4872678,-0.591266778,-3.999331481,6.014863706,0,0,-4,0,0,0,4,7,6,0
"Post-1980","6B",14,90.635,20.375,0.67259075,-0.635942263,-3.997025291,5.958397069,0,0,-4,0,0,0,4,7,7,0
"Post-1980","6B",9,81.3875,34,0.489646708,-0.268700899,-1.968260441,2.672534872,0,0,-2,0,0,0,2,7,2,0
"Post-1980","6B",10,87.17,27.875,0.70950875,-0.291863442,-1.99992945,2.524968565,0,0,-2,0,0,0,2,7,3,0
"Post-1980","6B",11,90.86,19.75,0.701167225,-0.2845215,-2.00001369,2.444857907,0,0,-2,0,0,0,2,7,4,0
"Post-1980","6B",12,93.8525,14.75,0.518466225,-0.280448752,-1.999781564,1.99766271,0,0,-2,0,0,0,2,7,5,0
"Post-1980","6B",13,96.2375,14,0.465005475,-0.249668632,-1.994684425,2.145340366,0,0,-2,0,0,0,2,7,6,0
"Post-1980","6B",14,97.655,13.375,0.683145675,-0.252373051,-1.999920468,1.851108522,0,0,-2,0,0,0,2,7,7,0
"Post-1980","6B",8,71.8925,60.375,0.000490195,-0.088860938,-0.774863321,0.711230168,0,0,-2,0,0,0,2,8,2,0
"Post-1980","6B",9,74.84,53.875,0.48016529,-0.238356669,-1.834036571,1.996328155,0,0,-2,0,0,0,2,8,3,0
"Post-1980","6B",10,77.27,49.5,0.6926857,-0.256390608,-2.00009707,1.604268659,0,0,-2,0,0,0,2,8,4,0
"Post-1980","6B",11,79.88,44.25,0.707405775,-0.24253825,-1.996591093,1.557516002,0,0,-2,0,0,0,2,8,5,0
"Post-1980","6B",12,83.435,40.75,0.562746725,-0.25620427,-1.999706263,1.597707542,0,0,-2,0,0,0,2,8,6,0
"Post-1980","6B",13,86.8325,33.125,0.4827178,-0.242411429,-1.999686236,1.823896573,0,0,-2,0,0,0,2,8,7,0
"Post-1980","6B",14,86.0675,30.25,0.662956275,-0.245515771,-1.99972921,2.168148029,0,0,-2,0,0,0,2,8,8,0
"Post-1980","6B",14,80.06,25.625,0.670293725,-0.155508867,-0.980250419,1.386817844,0,0,-1,-1,0,0,1,1,1,0
"Post-1980","6B",9,71.555,31,0.476641008,-0.084949779,-0.711591949,0.65217776,0,0,-1,-1,0,0,1,6,1,0
"Post-1980","6B",10,73.6025,25.5,0.7035251,-0.098022717,-0.988131606,0.752154292,0,0,-1,0,0,0,1,6,2,0
"Post-1980","6B",11,75.8525,22.75,0.687330625,-0.095339687,-1.000071084,0.69060712,0,0,-1,0,0,0,1,6,3,0
"Post-1980","6B",12,76.325,22,0.543771175,-0.092498202,-1.00005945,0.617801872,0,0,-1,0,0,0,1,6,4,0
"Post-1980","6B",13,77.27,20.75,0.478861925,-0.087494815,-0.999908032,0.544474859,0,0,-1,0,0,0,1,6,5,0
"Post-1980","6B",14,79.3175,20,0.699744875,-0.095400429,-0.999991418,0.540176423,0,0,-1,0,0,0,1,6,6,0
"Post-1980","6B",14,90.635,13.375,0.688671175,-0.744595993,-2.24427585,2.029097999,0,0,-4,-4,0,0,4,1,1,0
"Post-1980","6B",13,71.8925,33.125,0.476945975,-0.576710491,-3.837592855,3.580638609,0,0,-4,0,0,0,4,3,2,0
"Post-1980","6B",14,74.2775,29.5,0.674801825,-0.578627123,-3.943077451,3.496888534,0,0,-4,0,0,0,4,3,3,0
"Post-1980","6B",13,85.595,14.375,0.4893302,-0.786457762,-3.365613294,3.452866124,0,0,-4,-4,0,0,4,2,1,0
"Post-1980","6B",14,87.2375,12.75,0.68858085,-0.728488906,-3.717910779,3.415673585,0,0,-4,0,0,0,4,2,2,0
"Post-1980","6B",9,80.555,25.125,0.485443683,-0.10226749,-0.936739257,0.748605232,0,0,-1,0,0,0,1,7,2,0
"Post-1980","6B",10,85.19,21.5,0.695822075,-0.115619592,-1.000116312,0.826580876,0,0,-1,0,0,0,1,7,3,0
"Post-1980","6B",11,87.08,18.75,0.711573825,-0.115359076,-0.994165842,0.833163226,0,0,-1,0,0,0,1,7,4,0
"Post-1980","6B",12,89.555,17.375,0.561588775,-0.113046857,-0.953274321,0.773118142,0,0,-1,0,0,0,1,7,5,0
"Post-1980","6B",13,91.04,15.75,0.47172385,-0.107809087,-0.927910921,0.812725434,0,0,-1,0,0,0,1,7,6,0
"Post-1980","6B",14,91.04,16.25,0.69849235,-0.113352346,-0.975168529,0.817704344,0,0,-1,0,0,0,1,7,7,0
"Post-1980","6B",9,79.4075,27.25,0.471895935,-0.143735011,-0.931780572,0.637235665,0,0,-1,-1,0,0,1,6,1,0
"Post-1980","6B",10,85.19,21.25,0.711725375,-0.153064376,-1.00006601,0.739081632,0,0,-1,0,0,0,1,6,2,0
"Post-1980","6B",11,88.3175,16.5,0.7105484,-0.154599287,-0.999804875,0.811957328,0,0,-1,0,0,0,1,6,3,0
"Post-1980","6B",12,89.06,15,0.569829925,-0.148185669,-0.999826154,0.901808165,0,0,-1,0,0,0,1,6,4,0
"Post-1980","6B",13,89.6225,12.5,0.483078975,-0.138650015,-0.999828275,0.977378762,0,0,-1,0,0,0,1,6,5,0
"Post-1980","6B",14,90.635,11,0.674388675,-0.145792646,-0.99996818,0.761461213,0,0,-1,0,0,0,1,6,6,0
"Post-1980","6B",11,71.8925,38.5,0.702154,-0.064880605,-1.05482882,1.543104896,0,0,-2,0,0,0,2,5,2,0
"Post-1980","6B",12,74.2775,33.875,0.55336815,-0.083924359,-1.174336527,1.359659414,0,0,-2,0,0,0,2,5,3,0
"Post-1980","6B",13,76.2575,31.375,0.479334875,-0.086786567,-1.196785403,1.216134272,0,0,-2,0,0,0,2,5,4,0
"Post-1980","6B",14,77.675,31,0.69639755,-0.10940958,-1.422613025,1.312728985,0,0,-2,0,0,0,2,5,5,0
"Post-1980","6B",12,72.455,36.625,0.56919705,-0.460803078,-3.795367839,2.983298173,0,0,-4,0,0,0,4,6,4,0
"Post-1980","6B",13,77.09,30.875,0.470469875,-0.453368738,-3.784992828,3.283067633,0,0,-4,0,0,0,4,6,5,0
"Post-1980","6B",14,81.455,26.5,0.684877125,-0.528013492,-3.935686952,3.581242674,0,0,-4,0,0,0,4,6,6,0
"Post-1980","6B",9,70.07,39.625,0.483695753,-0.029235625,-0.67073225,0.714249944,0,0,-1,0,0,0,1,7,2,0
"Post-1980","6B",10,74.435,33.875,0.7112297,-0.045169641,-0.943978197,1.0286152,0,0,-1,0,0,0,1,7,3,0
"Post-1980","6B",11,78.5075,28.875,0.675743775,-0.048514338,-0.988918994,1.128845507,0,0,-1,0,0,0,1,7,4,0
"Post-1980","6B",12,83.0975,23.875,0.5581129,-0.053984892,-0.979093394,1.059725622,0,0,-1,0,0,0,1,7,5,0
"Post-1980","6B",13,85.595,19.5,0.464777225,-0.048447318,-0.967091944,1.147927632,0,0,-1,0,0,0,1,7,6,0
"Post-1980","6B",14,86.675,17.375,0.689198925,-0.056036672,-0.999112927,1.064477992,0,0,-1,0,0,0,1,7,7,0
"Post-1980","6B",12,72.2975,24.875,0.567272275,-0.418279205,-2.572048592,2.103405666,0,0,-3,-3,0,0,3,3,1,0
"Post-1980","6B",13,73.6025,23,0.4874139,-0.303561685,-2.639953483,1.790877554,0,0,-3,0,0,0,3,3,2,0
"Post-1980","6B",14,74.615,23.625,0.693702125,-0.311969254,-2.777034198,1.728270537,0,0,-3,0,0,0,3,3,3,0
"Post-1980","6B",13,72.455,32.875,0.487892475,-0.261573969,-2.806606645,2.461195022,0,0,-3,0,0,0,3,8,7,0
"Post-1980","6B",14,74.615,30.375,0.659591675,-0.288274286,-2.908186389,2.533228241,0,0,-3,0,0,0,3,8,8,0
"Post-1980","6B",10,72.455,37.125,0.683195875,-0.350549115,-2.94404885,2.95678254,0,0,-3,0,0,0,3,8,4,0
"Post-1980","6B",11,75.1775,34.125,0.69887185,-0.381637974,-2.970294641,2.87978961,0,0,-3,0,0,0,3,8,5,0
"Post-1980","6B",12,75.92,37.375,0.555921825,-0.354162974,-2.949875216,2.77583842,0,0,-3,0,0,0,3,8,6,0
"Post-1980","6B",13,77.8325,33.75,0.48671985,-0.336877348,-2.927506195,3.01045225,0,0,-3,0,0,0,3,8,7,0
"Post-1980","6B",14,77.7425,29.375,0.686737275,-0.356866899,-2.984400339,3.165350104,0,0,-3,0,0,0,3,8,8,0
"Post-1980","6B",11,74.0975,37.25,0.6844803,-0.222143504,-2.298126004,2.619759019,0,0,-4,0,0,0,4,6,3,0
"Post-1980","6B",12,77.8325,31.875,0.53221465,-0.24911708,-2.457830471,2.712256367,0,0,-4,0,0,0,4,6,4,0
"Post-1980","6B",13,78.98,28.75,0.479570625,-0.247127187,-2.430205701,2.501653589,0,0,-4,0,0,0,4,6,5,0
"Post-1980","6B",14,79.655,26.75,0.68563815,-0.304593352,-2.815442753,2.773341591,0,0,-4,0,0,0,4,6,6,0
